device_id;UTC_dateti;UTC_date;UTC_time;datatype;satcount;U_bat_mV;bat_soc_pc;solar_I_mA;Latitude;Longitude;Altitude_m;speed_km_h;direction_;temperatur;mag_x;mag_y;mag_z;acc_x;acc_y;acc_z;Periode;Quinzaine;Sunrise;Sunset;Affichage;Commentair;Site;hdop
221275;01/04/2023;01/04/2023;00:13:31;GPS;5;3667;0;0;50,10793700000;4,21180300000;197;2;335;25;623;-218;576;153;982;373;Nuit;Quinzaine 23;07:21;20:14;OUI;;Bachant Malakoff;2,0
221275;01/04/2023;01/04/2023;09:18:11;GPS;6;3665;0;4;50,10807000000;4,21107300000;243;0;171;26;352;-175;72;430;436;869;Jour;Quinzaine 23;07:21;20:14;OUI;;Bachant Malakoff;1,4
221275;01/04/2023;01/04/2023;16:17:42;GPS;8;3676;0;0;50,10831800000;4,21164000000;262;0;154;27;409;-478;215;325;907;449;Jour;Quinzaine 23;07:21;20:14;OUI;;Bachant Malakoff;1,1
221275;01/04/2023;01/04/2023;16:56:19;GPS;6;3678;1;0;50,10822300000;4,21166800000;272;0;0;28;407;-490;225;345;905;422;Jour;Quinzaine 23;07:21;20:14;OUI;;Bachant Malakoff;1,7
221275;01/04/2023;01/04/2023;20:12:10;GPS;9;3678;1;0;50,10631900000;4,21170900000;247;0;0;23;482;-133;162;390;815;533;Jour;Quinzaine 23;07:21;20:14;OUI;;Bachant Malakoff;1,2
221275;02/04/2023;02/04/2023;00:11:50;GPS;8;3678;1;0;50,10644900000;4,21151400000;215;0;0;23;441;-147;114;261;912;480;Nuit;Quinzaine 23;07:19;20:16;OUI;;Bachant Malakoff;1,0
221275;02/04/2023;02/04/2023;04:11:50;GPS;7;3678;1;0;50,10640300000;4,21168000000;224;0;0;22;492;-105;219;322;862;512;Nuit;Quinzaine 23;07:19;20:16;OUI;;Bachant Malakoff;1,3
221275;02/04/2023;02/04/2023;06:59:41;GPS;10;3676;0;0;50,10664000000;4,20683500000;249;0;327;23;330;-228;52;502;630;665;Nuit;Quinzaine 23;07:19;20:16;OUI;;Bachant Malakoff;0,8
221275;02/04/2023;02/04/2023;13:59:52;GPS;8;3676;0;0;50,10804400000;4,20958200000;215;0;86;26;423;-590;361;415;798;534;Jour;Quinzaine 23;07:19;20:16;OUI;;Bachant Malakoff;1,7
221275;02/04/2023;02/04/2023;20:14:11;GPS;16;3676;0;0;50,10309200000;4,20615000000;189;0;0;24;114;-530;133;565;494;721;Jour;Quinzaine 23;07:19;20:16;OUI;;Bachant Malakoff;0,6
221275;03/04/2023;03/04/2023;00:14:10;GPS;16;3676;0;0;50,09129000000;4,20293700000;182;0;0;22;445;-525;378;522;622;650;Nuit;Quinzaine 23;07:17;20:17;OUI;;Bachant Malakoff;0,7
221275;03/04/2023;03/04/2023;04:14:34;GPS;8;3676;0;0;50,10300400000;4,20474100000;174;0;152;24;346;-514;198;339;355;917;Nuit;Quinzaine 23;07:17;20:17;OUI;;Bachant Malakoff;1,2
221275;03/04/2023;03/04/2023;07:05:11;GPS;12;3670;0;0;50,10749400000;4,21015800000;186;0;119;28;406;-261;98;302;862;526;Nuit;Quinzaine 23;07:17;20:17;OUI;;Bachant Malakoff;0,8
221275;03/04/2023;03/04/2023;14:20:12;GPS;7;3667;0;0;50,10747500000;4,21046400000;226;0;12;28;649;-278;449;368;856;499;Jour;Quinzaine 23;07:17;20:17;OUI;;Bachant Malakoff;1,3
221275;03/04/2023;03/04/2023;20:16:20;GPS;9;3670;0;0;50,08249700000;4,19660900000;216;0;13;22;453;-261;158;267;405;931;Jour;Quinzaine 23;07:17;20:18;OUI;;Bachant Malakoff;1,2
221275;04/04/2023;04/04/2023;00:16:20;GPS;10;3673;0;0;50,10841000000;4,21240700000;205;0;330;24;327;-633;344;645;412;704;Nuit;Quinzaine 23;07:14;20:19;OUI;;Bachant Malakoff;0,9
221275;04/04/2023;04/04/2023;04:17:20;GPS;7;3670;0;0;50,10816600000;4,21198800000;285;0;281;24;469;-527;340;350;753;652;Nuit;Quinzaine 23;07:14;20:19;OUI;;Bachant Malakoff;1,5
221275;04/04/2023;04/04/2023;15:27:53;GPS;9;3665;0;0;50,10785700000;4,21197200000;221;0;0;32;119;-416;76;501;392;827;Jour;Quinzaine 23;07:14;20:19;OUI;;Bachant Malakoff;0,8
221275;04/04/2023;04/04/2023;20:18:41;GPS;12;3673;0;0;50,10197100000;4,20435700000;185;0;0;23;339;-192;40;447;612;715;Jour;Quinzaine 23;07:15;20:19;OUI;;Bachant Malakoff;1,0
221275;05/04/2023;05/04/2023;00:18:40;GPS;20;3676;0;0;50,10392400000;4,20937700000;200;0;134;23;510;-446;347;500;636;664;Nuit;Quinzaine 23;07:12;20:21;OUI;;Bachant Malakoff;0,5
221275;05/04/2023;05/04/2023;04:18:42;GPS;13;3673;0;0;50,10380600000;4,20853300000;203;0;353;23;379;-150;72;255;856;561;Nuit;Quinzaine 23;07:12;20:21;OUI;;Bachant Malakoff;0,7
221275;05/04/2023;05/04/2023;07:42:20;GPS;6;3667;0;0;50,10694900000;4,21079800000;237;0;0;27;395;-528;219;286;837;563;Jour;Quinzaine 23;07:12;20:21;OUI;;Bachant Malakoff;1,1
221275;05/04/2023;05/04/2023;14:42:41;GPS;12;3667;0;0;50,10857000000;4,21056200000;255;0;42;30;626;-139;407;238;896;507;Jour;Quinzaine 23;07:12;20:21;OUI;;Bachant Malakoff;0,8
221275;05/04/2023;05/04/2023;20:20:41;GPS;10;3676;0;0;50,09015700000;4,25188400000;222;0;0;23;414;-570;336;706;379;662;Jour;Quinzaine 23;07:12;20:20;OUI;;Bachant Malakoff;0,8
221275;06/04/2023;06/04/2023;00:20:41;GPS;11;3676;0;0;50,10629700000;4,21057000000;216;0;0;26;591;-293;316;306;683;735;Nuit;Quinzaine 23;07:10;20:22;OUI;;Bachant Malakoff;0,8
221275;06/04/2023;06/04/2023;04:20:41;GPS;6;3673;0;0;50,10749800000;4,21056800000;270;0;0;28;457;-516;260;195;741;723;Nuit;Quinzaine 23;07:10;20:22;OUI;;Bachant Malakoff;1,3
221275;06/04/2023;06/04/2023;06:52:42;GPS;7;3673;0;0;50,10727700000;4,21063500000;197;0;0;27;591;-381;406;357;754;653;Nuit;Quinzaine 23;07:10;20:22;OUI;;Bachant Malakoff;1,0
221275;06/04/2023;06/04/2023;13:53:47;GPS;6;3670;0;0;50,10737200000;4,21053500000;235;0;0;29;643;-350;490;321;843;539;Jour;Quinzaine 23;07:10;20:22;OUI;;Bachant Malakoff;1,9
221275;06/04/2023;06/04/2023;20:40:05;GPS;10;3665;0;0;50,10770000000;4,21067100000;175;0;155;28;573;-209;295;378;716;665;Nuit;Quinzaine 23;07:10;20:22;OUI;;Bachant Malakoff;1,0
221275;07/04/2023;07/04/2023;10:51:10;GPS;11;3662;0;0;50,10781100000;4,20947300000;232;0;0;28;549;-514;440;245;910;497;Jour;Quinzaine 23;07:08;20:24;OUI;;Bachant Malakoff;0,8
221275;07/04/2023;07/04/2023;18:03:20;GPS;8;3667;0;0;50,10759000000;4,21045700000;250;1;120;30;-81;-621;278;715;23;739;Jour;Quinzaine 23;07:08;20:24;OUI;;Bachant Malakoff;1,1
221275;07/04/2023;07/04/2023;20:29:10;GPS;10;3667;0;0;50,10759700000;4,21057300000;230;0;24;27;305;-624;281;633;770;325;Nuit;Quinzaine 23;07:08;20:24;OUI;;Bachant Malakoff;1,0
221275;08/04/2023;08/04/2023;00:42:51;GPS;10;3667;0;0;50,10762000000;4,21049800000;223;0;0;25;347;-198;71;499;388;847;Nuit;Quinzaine 23;07:06;20:25;OUI;;Bachant Malakoff;1,1
221275;08/04/2023;08/04/2023;14:14:38;GPS;7;3665;0;0;50,10784500000;4,21099200000;201;0;0;29;597;-476;522;308;892;480;Jour;Quinzaine 23;07:06;20:25;OUI;;Bachant Malakoff;1,3
221275;08/04/2023;08/04/2023;21:16:50;GPS;7;3665;0;0;50,10665100000;4,21099900000;198;0;0;26;500;-518;402;274;912;473;Nuit;Quinzaine 23;07:06;20:25;OUI;;Bachant Malakoff;1,0
221275;09/04/2023;09/04/2023;02:31:11;GPS;9;3667;0;0;50,10748700000;4,21016000000;223;0;192;26;411;-279;102;255;915;482;Nuit;Quinzaine 23;07:04;20:27;OUI;;Bachant Malakoff;1,1
221275;09/04/2023;09/04/2023;10:23:40;GPS;9;3665;0;12;50,10770400000;4,21055800000;226;0;354;35;372;-529;174;727;19;733;Jour;Quinzaine 23;07:04;20:27;OUI;;Bachant Malakoff;1,1
221275;09/04/2023;09/04/2023;17:23:40;GPS;6;3681;2;0;50,10773500000;4,21038000000;241;0;89;32;393;-543;218;556;126;855;Jour;Quinzaine 23;07:04;20:27;OUI;;Bachant Malakoff;2,0
221275;09/04/2023;09/04/2023;20:29:21;GPS;6;3687;3;0;50,10759700000;4,21085000000;251;0;0;30;376;-267;113;519;361;817;Nuit;Quinzaine 23;07:04;20:27;OUI;;Bachant Malakoff;1,4
221275;10/04/2023;10/04/2023;00:29:34;GPS;8;3687;3;0;50,10770400000;4,21035500000;194;0;0;29;222;-692;306;640;153;806;Nuit;Quinzaine 23;07:02;20:28;OUI;;Bachant Malakoff;1,2
221275;10/04/2023;10/04/2023;04:29:34;GPS;8;3684;3;0;50,10804000000;4,21038800000;229;0;327;30;282;-600;217;392;460;850;Nuit;Quinzaine 23;07:02;20:28;OUI;;Bachant Malakoff;1,3
221275;10/04/2023;10/04/2023;06:42:51;GPS;7;3684;3;0;50,10777700000;4,21051800000;199;0;0;30;241;-665;293;582;179;844;Nuit;Quinzaine 23;07:02;20:28;OUI;;Bachant Malakoff;1,1
221275;10/04/2023;10/04/2023;13:43:20;GPS;6;3684;3;0;50,10783400000;4,21073800000;129;0;49;33;270;-359;96;615;24;825;Jour;Quinzaine 23;07:02;20:28;OUI;;Bachant Malakoff;1,8
221275;10/04/2023;10/04/2023;20:31:21;GPS;6;3690;4;0;50,10752500000;4,21029300000;252;0;62;28;220;-644;273;532;357;808;Nuit;Quinzaine 23;07:02;20:28;OUI;;Bachant Malakoff;1,2
221275;11/04/2023;11/04/2023;00:31:14;GPS;9;3690;4;0;50,10768900000;4,21032700000;226;0;53;29;75;-610;214;493;110;900;Nuit;Quinzaine 23;07:00;20:30;OUI;;Bachant Malakoff;0,9
221275;11/04/2023;11/04/2023;04:31:19;GPS;11;3687;3;0;50,10759000000;4,21091500000;233;0;170;28;73;-535;142;379;237;947;Nuit;Quinzaine 23;07:00;20:30;OUI;;Bachant Malakoff;0,8
221275;11/04/2023;11/04/2023;06:40:55;GPS;8;3687;3;0;50,10771900000;4,21047400000;219;0;29;30;-49;-560;212;605;102;823;Nuit;Quinzaine 23;07:00;20:30;OUI;;Bachant Malakoff;0,9
221275;11/04/2023;11/04/2023;13:40:34;GPS;7;3687;3;0;50,10763900000;4,21037700000;221;0;259;33;41;-350;84;477;249;891;Jour;Quinzaine 23;07:00;20:30;OUI;;Bachant Malakoff;1,1
221275;11/04/2023;11/04/2023;20:34:11;GPS;6;3692;5;0;50,11110300000;4,21359800000;549;0;0;29;278;-206;61;460;270;885;Nuit;Quinzaine 23;07:00;20:30;OUI;;Bachant Malakoff;1,2
221275;12/04/2023;12/04/2023;00:34:03;GPS;8;3692;5;0;50,10798600000;4,21071300000;151;0;0;28;383;-332;109;548;232;853;Nuit;Quinzaine 24;06:57;20:32;OUI;;Bachant Malakoff;1,0
221275;12/04/2023;12/04/2023;04:34:54;GPS;5;3692;5;0;50,10803600000;4,21051800000;275;0;144;27;379;-295;117;606;406;747;Nuit;Quinzaine 24;06:57;20:32;OUI;;Bachant Malakoff;2,7
221275;12/04/2023;12/04/2023;06:38:21;GPS;8;3692;5;0;50,10779200000;4,21045400000;224;0;17;27;266;-637;286;556;339;807;Nuit;Quinzaine 24;06:57;20:32;OUI;;Bachant Malakoff;0,9
221275;12/04/2023;12/04/2023;13:38:40;GPS;7;3692;5;0;50,10760500000;4,21025500000;258;0;233;32;135;-545;149;616;471;702;Jour;Quinzaine 24;06:57;20:32;OUI;;Bachant Malakoff;1,5
221275;12/04/2023;12/04/2023;20:36:34;GPS;7;3692;5;0;50,10771200000;4,21038000000;215;0;44;29;-26;-468;129;566;180;850;Nuit;Quinzaine 24;06:57;20:32;OUI;;Bachant Malakoff;1,2
221275;13/04/2023;13/04/2023;00:36:34;GPS;7;3692;5;0;50,10771600000;4,21046500000;243;0;334;27;43;-612;251;518;19;892;Nuit;Quinzaine 24;06:55;20:33;OUI;;Bachant Malakoff;1,1
221275;13/04/2023;13/04/2023;04:36:34;GPS;6;3692;5;0;50,10781100000;4,21032500000;219;0;304;28;326;-362;111;594;74;836;Nuit;Quinzaine 24;06:55;20:33;OUI;;Bachant Malakoff;1,5
221275;13/04/2023;13/04/2023;06:35:50;GPS;5;3692;5;0;50,10734200000;4,21232200000;359;0;0;29;323;-301;94;553;199;851;Nuit;Quinzaine 24;06:55;20:33;OUI;;Bachant Malakoff;1,5
221275;13/04/2023;13/04/2023;13:36:20;GPS;6;3690;4;1;50,10772700000;4,21031200000;295;0;32;32;-12;-240;71;491;-73;918;Jour;Quinzaine 24;06:55;20:33;OUI;;Bachant Malakoff;1,2
221275;13/04/2023;13/04/2023;20:36:10;GPS;10;3695;6;0;50,10775000000;4,21038000000;202;0;0;29;-90;-560;216;654;82;795;Nuit;Quinzaine 24;06:55;20:33;OUI;;Bachant Malakoff;0,9
221275;13/04/2023;13/04/2023;20:38:16;GPS;11;3692;5;0;50,10752900000;4,21040000000;202;0;0;28;-95;-547;206;632;69;810;Nuit;Quinzaine 24;06:55;20:33;OUI;;Bachant Malakoff;0,9
221275;14/04/2023;14/04/2023;00:38:40;GPS;8;3695;6;0;50,10765100000;4,21046200000;221;0;0;28;165;-263;30;575;174;847;Nuit;Quinzaine 24;06:53;20:35;OUI;;Bachant Malakoff;1,0
221275;14/04/2023;14/04/2023;04:39:11;GPS;11;3692;5;0;50,10755900000;4,21092200000;244;0;136;29;406;-355;150;709;415;649;Nuit;Quinzaine 24;06:53;20:35;OUI;;Bachant Malakoff;0,8
221275;14/04/2023;14/04/2023;06:34:49;GPS;6;3692;5;0;50,10760500000;4,21057800000;228;0;0;29;-68;-526;180;562;102;858;Nuit;Quinzaine 24;06:53;20:35;OUI;;Bachant Malakoff;1,4
221275;14/04/2023;14/04/2023;13:35:12;GPS;6;3692;5;0;50,10763500000;4,21036500000;216;0;335;32;-36;-556;215;509;74;898;Jour;Quinzaine 24;06:53;20:35;OUI;;Bachant Malakoff;1,5
221275;14/04/2023;14/04/2023;20:35:04;GPS;11;3695;6;0;50,10760100000;4,21058300000;234;0;0;30;-24;-618;264;580;62;849;Jour;Quinzaine 24;06:53;20:35;OUI;;Bachant Malakoff;0,8
221275;14/04/2023;14/04/2023;20:40:36;GPS;11;3695;6;0;50,10764300000;4,21041000000;243;0;101;29;-16;-610;256;583;46;847;Nuit;Quinzaine 24;06:53;20:35;OUI;;Bachant Malakoff;0,9
221275;15/04/2023;15/04/2023;00:41:10;GPS;8;3695;6;0;50,10786800000;4,21039800000;196;0;24;29;88;-669;291;606;5;831;Nuit;Quinzaine 24;06:51;20:36;OUI;;Bachant Malakoff;1,1
221275;15/04/2023;15/04/2023;04:41:11;GPS;6;3692;5;0;50,10749100000;4,21067100000;225;0;338;29;325;-474;168;659;11;800;Nuit;Quinzaine 24;06:51;20:36;OUI;;Bachant Malakoff;1,6
221275;15/04/2023;15/04/2023;06:33:04;GPS;9;3692;5;0;50,10756300000;4,21051200000;248;0;0;30;-60;-325;74;575;10;861;Nuit;Quinzaine 24;06:51;20:36;OUI;;Bachant Malakoff;0,9
221275;15/04/2023;15/04/2023;13:33:11;GPS;7;3692;5;1;50,10768900000;4,21063200000;230;0;350;37;162;-735;397;688;124;748;Jour;Quinzaine 24;06:51;20:36;OUI;;Bachant Malakoff;1,4
221275;15/04/2023;15/04/2023;20:32:51;GPS;9;3695;6;0;50,10796000000;4,21133200000;238;0;0;31;109;-271;46;541;-81;884;Jour;Quinzaine 24;06:51;20:36;OUI;;Bachant Malakoff;1,3
221275;15/04/2023;15/04/2023;20:43:27;GPS;9;3695;6;0;50,10800600000;4,21143300000;251;0;46;30;215;-238;52;506;117;896;Nuit;Quinzaine 24;06:51;20:36;OUI;;Bachant Malakoff;1,3
221275;16/04/2023;16/04/2023;00:43:51;GPS;4;3695;6;0;50,10762000000;4,21081800000;653;0;0;31;-87;-457;153;703;17;757;Nuit;Quinzaine 24;06:49;20:38;OUI;;Bachant Malakoff;2,0
221275;16/04/2023;16/04/2023;04:44:11;GPS;9;3695;6;0;50,10761300000;4,21059300000;236;1;203;31;221;-308;49;614;133;819;Nuit;Quinzaine 24;06:49;20:38;OUI;;Bachant Malakoff;1,2
221275;16/04/2023;16/04/2023;06:30:46;GPS;7;3692;5;0;50,10767700000;4,21042200000;245;0;340;31;19;-615;234;600;191;825;Nuit;Quinzaine 24;06:49;20:38;OUI;;Bachant Malakoff;1,1
221275;16/04/2023;16/04/2023;13:30:58;GPS;8;3692;5;0;50,10775000000;4,21061200000;245;0;0;32;-13;-582;206;625;177;812;Jour;Quinzaine 24;06:49;20:38;OUI;;Bachant Malakoff;1,9
221275;16/04/2023;16/04/2023;20:30:41;GPS;7;3692;5;0;50,10776500000;4,21063700000;183;0;0;31;317;-471;137;596;-53;850;Jour;Quinzaine 24;06:49;20:38;OUI;;Bachant Malakoff;1,4
221275;16/04/2023;16/04/2023;20:45:41;GPS;8;3690;4;0;50,10768900000;4,21040800000;230;0;122;31;367;-468;146;620;21;817;Nuit;Quinzaine 24;06:49;20:38;OUI;;Bachant Malakoff;1,3
221275;17/04/2023;17/04/2023;00:46:10;GPS;6;3692;5;0;50,10782200000;4,21032700000;241;0;294;31;188;-737;483;826;379;496;Nuit;Quinzaine 24;06:47;20:39;OUI;;Bachant Malakoff;1,7
221275;17/04/2023;17/04/2023;04:46:10;GPS;6;3692;5;0;50,10775000000;4,21082200000;306;0;0;30;308;-395;113;598;-5;849;Nuit;Quinzaine 24;06:47;20:39;OUI;;Bachant Malakoff;1,2
221275;17/04/2023;17/04/2023;06:28:51;GPS;8;3690;4;0;50,10772700000;4,21054000000;263;0;320;31;261;-276;77;456;-20;939;Nuit;Quinzaine 24;06:47;20:39;OUI;;Bachant Malakoff;0,9
221275;17/04/2023;17/04/2023;13:29:10;GPS;7;3690;4;0;50,10770800000;4,21051200000;166;0;0;33;339;-343;103;578;99;851;Jour;Quinzaine 24;06:47;20:39;OUI;;Bachant Malakoff;1,6
221286;01/04/2023;01/04/2023;00:10:56;GPS;8;3784;31;0;50,20929000000;4,09917700000;245;0;0;27;20;385;287;-454;263;833;Nuit;Quinzaine 21;07:21;20:15;OUI;;Germignies B;1,1
221286;01/04/2023;01/04/2023;04:10:56;GPS;7;3784;31;0;50,20941500000;4,09923300000;267;0;333;26;-327;276;145;-404;92;895;Nuit;Quinzaine 21;07:21;20:15;OUI;;Germignies B;1,3
221286;01/04/2023;01/04/2023;05:28:20;GPS;9;3784;31;0;50,20939300000;4,09927800000;216;0;0;27;-194;342;178;-362;165;909;Nuit;Quinzaine 21;07:21;20:15;OUI;;Germignies B;1,0
221286;01/04/2023;01/04/2023;12:28:34;GPS;12;3787;32;1;50,20949900000;4,09915500000;247;0;233;30;-48;311;190;-275;185;932;Jour;Quinzaine 21;07:21;20:15;OUI;;Germignies B;0,8
221286;01/04/2023;01/04/2023;16:21:49;GPS;15;3789;33;0;50,20943100000;4,09914500000;239;0;52;28;-29;229;135;-100;253;952;Jour;Quinzaine 21;07:21;20:15;OUI;;Germignies B;0,6
221286;01/04/2023;01/04/2023;20:12:40;GPS;9;3789;33;0;50,20954500000;4,09923000000;237;0;0;26;-243;-120;54;426;211;885;Jour;Quinzaine 21;07:21;20:15;OUI;;Germignies B;0,8
221286;02/04/2023;02/04/2023;00:12:41;GPS;12;3787;32;0;50,20951500000;4,09919600000;241;0;0;26;-275;-132;68;474;65;881;Nuit;Quinzaine 21;07:19;20:16;OUI;;Germignies B;0,8
221286;02/04/2023;02/04/2023;04:12:41;GPS;6;3787;32;0;50,20951500000;4,09920200000;230;0;0;25;-366;-114;108;269;62;959;Nuit;Quinzaine 21;07:19;20:16;OUI;;Germignies B;1,6
221286;02/04/2023;02/04/2023;07:00:10;GPS;13;3787;32;0;50,20948800000;4,09917800000;217;0;178;25;-344;-163;108;382;58;919;Nuit;Quinzaine 21;07:19;20:16;OUI;;Germignies B;0,7
221286;02/04/2023;02/04/2023;14:00:11;GPS;14;3787;32;1;50,20952600000;4,09919800000;228;0;0;26;121;-394;240;458;203;868;Jour;Quinzaine 21;07:19;20:16;OUI;;Germignies B;0,6
221286;02/04/2023;02/04/2023;20:15:28;GPS;6;3787;32;0;50,20955300000;4,09915800000;246;1;55;29;-257;-309;111;513;182;850;Jour;Quinzaine 21;07:19;20:16;OUI;;Germignies B;1,3
221286;03/04/2023;03/04/2023;00:15:20;GPS;15;3787;32;0;50,20948000000;4,09906500000;237;0;0;28;-297;-266;105;500;133;864;Nuit;Quinzaine 21;07:17;20:18;OUI;;Germignies B;0,6
221286;03/04/2023;03/04/2023;04:15:20;GPS;11;3787;32;0;50,20955700000;4,09917500000;241;0;0;27;-159;-118;39;409;301;862;Nuit;Quinzaine 21;07:17;20:18;OUI;;Germignies B;0,9
221286;03/04/2023;03/04/2023;06:57:36;GPS;4;3787;32;0;50,20970200000;4,09994000000;332;0;0;26;-277;-195;70;342;203;917;Nuit;Quinzaine 21;07:17;20:18;OUI;;Germignies B;1,1
221286;03/04/2023;03/04/2023;13:57:50;GPS;12;3789;33;6;50,20945700000;4,09893000000;248;0;294;36;-192;-296;67;378;224;908;Jour;Quinzaine 21;07:17;20:18;OUI;;Germignies B;0,9
221286;03/04/2023;03/04/2023;20:17:34;GPS;8;3798;35;0;50,20944200000;4,09906700000;233;0;357;29;-101;-186;51;453;430;805;Jour;Quinzaine 21;07:17;20:18;OUI;;Germignies B;1,0
221286;04/04/2023;04/04/2023;00:17:32;GPS;10;3798;35;0;50,20941500000;4,09895800000;207;0;99;28;-190;-229;86;452;319;820;Nuit;Quinzaine 22;07:15;20:20;OUI;;Germignies B;0,8
221286;04/04/2023;04/04/2023;04:17:34;GPS;9;3798;35;0;50,20970200000;4,09919600000;219;0;0;28;127;-417;265;508;215;850;Nuit;Quinzaine 22;07:15;20:20;OUI;;Germignies B;1,0
221286;04/04/2023;04/04/2023;06:55:23;GPS;5;3798;35;0;50,20948000000;4,09904700000;212;0;263;28;-162;-128;41;442;270;860;Nuit;Quinzaine 22;07:15;20:20;OUI;;Germignies B;1,0
221286;04/04/2023;04/04/2023;13:55:40;GPS;11;3800;36;7;50,20949600000;4,09916700000;225;0;75;38;-150;-325;87;474;279;850;Jour;Quinzaine 22;07:15;20:20;OUI;;Germignies B;0,9
221286;04/04/2023;04/04/2023;20:19:40;GPS;9;3817;41;0;50,20945000000;4,09909200000;214;0;14;29;-146;-182;56;458;376;807;Jour;Quinzaine 22;07:15;20:20;OUI;;Germignies B;1,0
221286;05/04/2023;05/04/2023;00:19:19;GPS;6;3814;40;0;50,20954500000;4,09916000000;263;0;0;26;-135;-460;260;509;141;857;Nuit;Quinzaine 22;07:13;20:21;OUI;;Germignies B;1,6
221286;05/04/2023;05/04/2023;04:19:58;GPS;7;3814;40;0;50,20929000000;4,09957200000;204;0;109;26;47;101;89;164;654;756;Nuit;Quinzaine 22;07:13;20:21;OUI;;Germignies B;1,4
221286;05/04/2023;05/04/2023;06:53:41;GPS;12;3814;40;0;50,20949900000;4,09922200000;231;0;245;27;-63;-78;61;510;107;858;Nuit;Quinzaine 22;07:13;20:21;OUI;;Germignies B;0,7
221286;05/04/2023;05/04/2023;13:53:40;GPS;14;3820;41;8;50,20949200000;4,09922600000;217;0;16;36;127;-140;70;500;219;853;Jour;Quinzaine 22;07:13;20:21;OUI;;Germignies B;0,6
221286;05/04/2023;05/04/2023;20:21:40;GPS;11;3831;45;0;50,20948000000;4,09911200000;233;0;89;30;-236;-221;62;532;230;825;Jour;Quinzaine 22;07:13;20:21;OUI;;Germignies B;0,8
221286;06/04/2023;06/04/2023;00:21:20;GPS;5;3831;45;0;50,20923200000;4,09949200000;-19;0;0;28;-177;-425;187;448;182;893;Nuit;Quinzaine 22;07:10;20:23;OUI;;Germignies B;1,6
221286;06/04/2023;06/04/2023;04:21:40;GPS;10;3831;45;0;50,20956800000;4,09910700000;234;0;0;27;-127;-429;192;508;355;793;Nuit;Quinzaine 22;07:10;20:23;OUI;;Germignies B;0,9
221286;06/04/2023;06/04/2023;06:51:17;GPS;11;3828;44;1;50,20932800000;4,09930700000;233;0;0;27;-80;-452;250;498;58;872;Nuit;Quinzaine 22;07:10;20:23;OUI;;Germignies B;0,8
221286;06/04/2023;06/04/2023;13:51:28;GPS;9;3834;45;2;50,20947300000;4,09921000000;233;0;237;29;53;-450;246;514;114;855;Jour;Quinzaine 22;07:10;20:23;OUI;;Germignies B;0,9
221286;06/04/2023;06/04/2023;20:23:58;GPS;12;3839;47;0;50,20946500000;4,09906700000;222;0;0;28;-242;-161;46;163;250;952;Jour;Quinzaine 22;07:10;20:23;OUI;;Germignies B;0,7
221286;07/04/2023;07/04/2023;00:23:51;GPS;13;3836;46;0;50,20943800000;4,09913200000;240;0;0;28;-305;-292;111;451;115;890;Nuit;Quinzaine 22;07:08;20:24;OUI;;Germignies B;0,7
221286;07/04/2023;07/04/2023;04:23:50;GPS;11;3836;46;0;50,20950300000;4,09916200000;224;0;0;26;-47;3;34;380;265;890;Nuit;Quinzaine 22;07:08;20:24;OUI;;Germignies B;0,8
221286;07/04/2023;07/04/2023;06:49:10;GPS;12;3834;45;0;50,20943100000;4,09925800000;219;0;0;28;-13;-89;50;514;180;849;Nuit;Quinzaine 22;07:08;20:24;OUI;;Germignies B;0,7
221286;07/04/2023;07/04/2023;13:49:11;GPS;12;3842;48;3;50,20951800000;4,09918700000;216;0;21;30;-137;-403;152;353;200;927;Jour;Quinzaine 22;07:08;20:24;OUI;;Germignies B;0,7
221286;07/04/2023;07/04/2023;20:26:10;GPS;14;3850;50;0;50,20943800000;4,09907200000;224;0;96;28;-212;-218;74;423;294;857;Nuit;Quinzaine 22;07:08;20:24;OUI;;Germignies B;0,7
221286;08/04/2023;08/04/2023;00:26:01;GPS;10;3848;49;0;50,20959500000;4,09891000000;215;0;0;27;75;-86;85;507;303;815;Nuit;Quinzaine 22;07:06;20:26;OUI;;Germignies B;0,8
221286;08/04/2023;08/04/2023;04:26:10;GPS;12;3848;49;0;50,20949900000;4,09921000000;235;0;0;28;-70;-80;29;508;124;861;Nuit;Quinzaine 22;07:06;20:26;OUI;;Germignies B;0,8
221286;08/04/2023;08/04/2023;06:46:53;GPS;5;3848;49;0;50,20956400000;4,09926200000;200;0;168;29;-236;-269;86;505;251;840;Nuit;Quinzaine 22;07:06;20:26;OUI;;Germignies B;1,9
221286;08/04/2023;08/04/2023;13:47:11;GPS;8;3850;50;1;50,20951800000;4,09918700000;226;0;139;32;-158;-293;84;388;349;859;Jour;Quinzaine 22;07:06;20:26;OUI;;Germignies B;1,0
221286;08/04/2023;08/04/2023;20:28:21;GPS;10;3853;51;0;50,20951100000;4,09904300000;247;0;184;30;-238;-274;94;453;229;867;Nuit;Quinzaine 22;07:06;20:26;OUI;;Germignies B;1,0
221286;09/04/2023;09/04/2023;00:28:28;GPS;9;3853;51;0;50,20812600000;4,10039300000;220;1;33;28;38;4;55;137;-42;970;Nuit;Quinzaine 22;07:04;20:27;OUI;;Germignies B;0,9
221286;09/04/2023;09/04/2023;04:28:21;GPS;11;3853;51;0;50,20961400000;4,09913000000;241;0;0;27;-154;-482;239;535;163;840;Nuit;Quinzaine 22;07:04;20:28;OUI;;Germignies B;0,8
221286;09/04/2023;09/04/2023;06:45:08;GPS;8;3850;50;0;50,20943100000;4,09929000000;222;0;0;29;-59;-37;50;413;239;888;Nuit;Quinzaine 22;07:04;20:28;OUI;;Germignies B;0,9
221286;09/04/2023;09/04/2023;13:45:10;GPS;11;3859;52;3;50,20950300000;4,09942500000;224;0;0;34;-46;-147;30;540;121;843;Jour;Quinzaine 22;07:04;20:28;OUI;;Germignies B;0,8
221286;09/04/2023;09/04/2023;20:30:40;GPS;14;3870;53;0;50,20950300000;4,09915500000;212;0;0;30;-34;-96;31;461;349;828;Nuit;Quinzaine 22;07:04;20:28;OUI;;Germignies B;0,6
221286;10/04/2023;10/04/2023;00:30:19;GPS;5;3867;53;0;50,20946900000;4,09913000000;206;0;0;27;-46;-89;34;521;160;845;Nuit;Quinzaine 22;07:02;20:29;OUI;;Germignies B;1,1
221286;10/04/2023;10/04/2023;04:30:40;GPS;12;3867;53;0;50,20948000000;4,09919500000;241;0;0;27;-50;-55;43;468;278;842;Nuit;Quinzaine 22;07:02;20:29;OUI;;Germignies B;0,7
221286;10/04/2023;10/04/2023;06:42:33;GPS;5;3864;52;0;50,20934700000;4,09906800000;240;0;52;28;52;-473;265;491;242;855;Nuit;Quinzaine 22;07:02;20:29;OUI;;Germignies B;1,8
221286;10/04/2023;10/04/2023;13:43:04;GPS;11;3875;54;2;50,20959100000;4,09923800000;238;0;188;31;-190;-442;171;446;159;896;Jour;Quinzaine 22;07:02;20:29;OUI;;Germignies B;0,9
221286;10/04/2023;10/04/2023;20:32:41;GPS;10;3886;56;0;50,20946500000;4,09915000000;221;0;0;27;-294;-249;94;511;166;856;Nuit;Quinzaine 22;07:02;20:29;OUI;;Germignies B;0,8
221286;11/04/2023;11/04/2023;00:32:30;GPS;4;3884;56;0;50,20959900000;4,09871700000;310;0;148;28;-200;-62;27;429;151;896;Nuit;Quinzaine 22;07:00;20:31;OUI;;Germignies B;1,3
221286;11/04/2023;11/04/2023;04:32:44;GPS;9;3884;56;0;50,20946500000;4,09907000000;223;0;0;26;-290;-269;89;557;188;817;Nuit;Quinzaine 22;07:00;20:31;OUI;;Germignies B;0,9
221286;11/04/2023;11/04/2023;06:40:49;GPS;8;3884;56;0;50,20948400000;4,09929200000;224;0;0;27;67;-152;99;577;170;813;Nuit;Quinzaine 22;07:00;20:31;OUI;;Germignies B;1,0
221286;11/04/2023;11/04/2023;13:41:10;GPS;9;3897;58;2;50,20953400000;4,09922000000;227;0;353;32;-183;-461;199;497;157;867;Jour;Quinzaine 22;07:00;20:31;OUI;;Germignies B;0,9
221286;11/04/2023;11/04/2023;20:35:10;GPS;12;3920;62;0;50,20950700000;4,09909200000;204;0;0;26;-133;-29;50;414;245;882;Nuit;Quinzaine 22;07:00;20:31;OUI;;Germignies B;0,7
221286;12/04/2023;12/04/2023;00:35:10;GPS;12;3920;62;0;50,20949200000;4,09912700000;220;0;0;27;33;-429;234;439;169;891;Nuit;Quinzaine 22;06:58;20:32;OUI;;Germignies B;0,8
221286;12/04/2023;12/04/2023;04:35:10;GPS;8;3920;62;0;50,20952600000;4,09919000000;235;0;0;28;32;-443;257;478;196;863;Nuit;Quinzaine 22;06:58;20:32;OUI;;Germignies B;0,9
221286;12/04/2023;12/04/2023;06:38:50;GPS;12;3917;61;0;50,20944200000;4,09917800000;238;0;0;27;-253;-202;63;439;248;872;Nuit;Quinzaine 22;06:58;20:32;OUI;;Germignies B;0,7
221286;12/04/2023;12/04/2023;13:39:06;GPS;9;3925;63;2;50,20963700000;4,09928800000;203;0;157;29;52;-435;240;389;299;876;Jour;Quinzaine 22;06:58;20:32;OUI;;Germignies B;1,1
221286;12/04/2023;12/04/2023;20:37:10;GPS;13;3939;65;0;50,20948800000;4,09917000000;238;0;0;29;-42;-46;38;386;187;903;Nuit;Quinzaine 22;06:58;20:32;OUI;;Germignies B;0,8
221286;13/04/2023;13/04/2023;00:37:11;GPS;8;3939;65;0;50,20956800000;4,09907300000;227;0;0;26;-52;-46;35;468;241;866;Nuit;Quinzaine 22;06:56;20:34;OUI;;Germignies B;1,0
221286;13/04/2023;13/04/2023;04:37:12;GPS;11;3939;65;0;50,20949200000;4,09919600000;236;0;37;26;-257;-239;82;497;261;837;Nuit;Quinzaine 22;06:56;20:34;OUI;;Germignies B;0,8
221286;13/04/2023;13/04/2023;06:36:42;GPS;8;3939;65;0;50,20969400000;4,09925500000;198;0;172;24;-211;-411;209;459;210;870;Nuit;Quinzaine 22;06:56;20:34;OUI;;Germignies B;1,0
221286;13/04/2023;13/04/2023;13:37:10;GPS;13;3947;66;1;50,20952200000;4,09913200000;232;0;0;30;15;-478;257;504;170;862;Jour;Quinzaine 22;06:56;20:34;OUI;;Germignies B;0,7
221286;13/04/2023;13/04/2023;20:37:10;GPS;9;3956;68;0;50,20938500000;4,09903000000;238;0;0;29;-249;-288;92;404;224;899;Nuit;Quinzaine 22;06:56;20:34;OUI;;Germignies B;1,1
221286;13/04/2023;13/04/2023;20:39:15;GPS;9;3953;67;0;50,20943100000;4,09905500000;238;0;208;29;-261;-284;112;406;192;905;Nuit;Quinzaine 22;06:56;20:34;OUI;;Germignies B;1,1
221286;14/04/2023;14/04/2023;00:39:37;GPS;8;3953;67;0;50,20951100000;4,09909700000;218;0;0;28;-7;-114;55;532;142;845;Nuit;Quinzaine 22;06:54;20:35;OUI;;Germignies B;1,0
221286;14/04/2023;14/04/2023;04:39:40;GPS;13;3953;67;0;50,20956000000;4,09919400000;252;0;0;27;-286;-331;145;481;168;871;Nuit;Quinzaine 22;06:54;20:35;OUI;;Germignies B;0,7
221286;14/04/2023;14/04/2023;06:35:00;GPS;6;3953;67;1;50,20952200000;4,09923300000;207;0;356;28;-304;-250;121;438;129;894;Nuit;Quinzaine 22;06:54;20:35;OUI;;Germignies B;1,7
221286;14/04/2023;14/04/2023;13:35:24;GPS;6;3964;69;7;50,20949200000;4,09993000000;266;0;0;32;18;-43;23;418;317;860;Jour;Quinzaine 22;06:54;20:35;OUI;;Germignies B;1,4
221286;14/04/2023;14/04/2023;20:35:21;GPS;9;3978;71;0;50,20944200000;4,09925500000;238;0;224;30;-12;-56;52;418;269;878;Jour;Quinzaine 22;06:54;20:35;OUI;;Germignies B;0,9
221286;14/04/2023;14/04/2023;20:41:48;GPS;9;3978;71;0;50,20943800000;4,09917200000;220;0;38;30;-6;-46;44;400;282;874;Nuit;Quinzaine 22;06:54;20:35;OUI;;Germignies B;1,3
221286;15/04/2023;15/04/2023;00:42:10;GPS;12;3978;71;0;50,20943800000;4,09916500000;253;0;0;29;78;-38;62;426;409;819;Nuit;Quinzaine 22;06:51;20:37;OUI;;Germignies B;0,8
221286;15/04/2023;15/04/2023;04:42:10;GPS;10;3975;71;0;50,20958300000;4,09917000000;235;0;0;29;-158;-444;195;453;230;876;Nuit;Quinzaine 22;06:51;20:37;OUI;;Germignies B;0,8
221286;15/04/2023;15/04/2023;06:33:19;GPS;11;3975;71;1;50,20941900000;4,09925800000;226;0;231;28;-224;-458;219;498;82;864;Nuit;Quinzaine 22;06:51;20:37;OUI;;Germignies B;0,8
221286;15/04/2023;15/04/2023;13:33:28;GPS;8;3986;73;7;50,20941500000;4,09923500000;243;0;223;31;87;-436;221;379;287;870;Jour;Quinzaine 22;06:51;20:37;OUI;;Germignies B;1,0
221286;15/04/2023;15/04/2023;20:33:20;GPS;9;4019;78;0;50,20964100000;4,09925700000;174;0;0;29;-174;-67;35;321;268;911;Jour;Quinzaine 22;06:51;20:37;OUI;;Germignies B;1,4
221286;15/04/2023;15/04/2023;20:44:19;GPS;9;4022;79;0;50,20953400000;4,09922600000;218;0;236;29;-166;-63;23;321;270;903;Nuit;Quinzaine 22;06:51;20:37;OUI;;Germignies B;1,4
221286;16/04/2023;16/04/2023;00:44:40;GPS;9;4022;79;0;50,20952200000;4,09911500000;237;0;0;28;-315;-321;149;497;88;873;Nuit;Quinzaine 22;06:49;20:39;OUI;;Germignies B;1,0
221286;16/04/2023;16/04/2023;04:44:40;GPS;10;4022;79;0;50,20954500000;4,09916700000;218;0;0;28;-246;-408;184;404;30;917;Nuit;Quinzaine 22;06:49;20:39;OUI;;Germignies B;0,7
221286;16/04/2023;16/04/2023;06:31:16;GPS;7;4019;78;0;50,20939300000;4,09931900000;204;0;332;28;14;-67;47;472;288;837;Nuit;Quinzaine 22;06:49;20:39;OUI;;Germignies B;1,1
221286;16/04/2023;16/04/2023;13:31:21;GPS;12;4022;79;0;50,20951100000;4,09921500000;232;0;236;30;90;-126;83;489;171;870;Jour;Quinzaine 22;06:49;20:39;OUI;;Germignies B;0,8
221286;16/04/2023;16/04/2023;20:31:21;GPS;6;4022;79;0;50,20947600000;4,09922500000;216;0;197;28;12;-68;50;479;152;875;Jour;Quinzaine 22;06:49;20:39;OUI;;Germignies B;1,1
221286;16/04/2023;16/04/2023;20:46:39;GPS;6;4019;78;0;50,20952600000;4,09924500000;235;0;207;28;-121;-457;205;446;223;878;Nuit;Quinzaine 22;06:49;20:39;OUI;;Germignies B;1,1
221286;17/04/2023;17/04/2023;00:47:10;GPS;11;4022;79;0;50,20951100000;4,09913700000;240;0;0;29;74;-102;52;518;356;790;Nuit;Quinzaine 22;06:47;20:40;OUI;;Germignies B;1,0
221286;17/04/2023;17/04/2023;04:46:50;GPS;5;4019;78;0;50,20990800000;4,09971000000;452;0;0;28;21;-47;58;433;379;834;Nuit;Quinzaine 22;06:47;20:40;OUI;;Germignies B;1,4
221286;17/04/2023;17/04/2023;06:29:20;GPS;5;4019;78;0;50,20954500000;4,09915000000;197;0;0;29;-281;-307;114;473;164;886;Nuit;Quinzaine 22;06:47;20:40;OUI;;Germignies B;1,6
221286;17/04/2023;17/04/2023;13:29:21;GPS;4;4022;79;0;50,20932800000;4,09832000000;116;0;239;30;86;-54;73;422;335;851;Jour;Quinzaine 22;06:47;20:40;OUI;;Germignies B;2,0
221280;01/04/2023;01/04/2023;00:21:19;GPS;8;3725;14;0;50,89487800000;2,16698200000;50;0;0;30;170;479;452;-355;108;933;Nuit;Quinzaine 22;07:28;20:23;OUI;;Loos-en-Gohelle 74A;1,5
221280;01/04/2023;01/04/2023;04:21:10;GPS;16;3722;13;0;50,89600000000;2,16616000000;28;0;290;29;334;114;314;-61;686;748;Nuit;Quinzaine 22;07:28;20:23;OUI;;Loos-en-Gohelle 74A;0,6
221280;01/04/2023;01/04/2023;05:17:07;GPS;7;3722;13;0;50,90373600000;2,15857700000;7;0;0;27;248;-18;260;8;681;744;Nuit;Quinzaine 22;07:28;20:23;OUI;;Loos-en-Gohelle 74A;1,0
221280;01/04/2023;01/04/2023;10:16:40;GPS;13;3722;13;0;50,90382000000;2,15826700000;10;0;0;27;482;-257;452;-114;775;625;Jour;Quinzaine 22;07:28;20:23;OUI;;Loos-en-Gohelle 74A;0,7
221280;01/04/2023;01/04/2023;15:16:41;GPS;13;3722;13;0;50,90377800000;2,15828000000;4;0;0;27;432;-367;419;134;814;576;Jour;Quinzaine 22;07:28;20:23;OUI;;Loos-en-Gohelle 74A;0,7
221280;01/04/2023;01/04/2023;20:16:41;GPS;13;3725;14;0;50,89527900000;2,16700500000;-8;0;0;25;465;-324;493;41;772;646;Jour;Quinzaine 22;07:28;20:23;OUI;;Loos-en-Gohelle 74A;0,7
221280;01/04/2023;01/04/2023;20:23:19;GPS;13;3722;13;0;50,89516800000;2,16717500000;-5;0;125;24;244;96;294;-48;709;731;Jour;Quinzaine 22;07:28;20:23;OUI;;Loos-en-Gohelle 74A;0,7
221280;02/04/2023;02/04/2023;00:23:40;GPS;12;3722;13;0;50,89542800000;2,16775700000;8;0;0;26;343;-263;361;-46;668;760;Nuit;Quinzaine 22;07:26;20:25;OUI;;Loos-en-Gohelle 74A;0,7
221280;02/04/2023;02/04/2023;04:23:40;GPS;9;3722;13;0;50,89535100000;2,16723700000;24;0;0;24;123;-148;224;-281;-153;1001;Nuit;Quinzaine 22;07:26;20:25;OUI;;Loos-en-Gohelle 74A;1,3
221280;02/04/2023;02/04/2023;07:02:41;GPS;9;3722;13;0;50,90391900000;2,15824300000;5;0;63;27;333;-236;302;-121;571;816;Nuit;Quinzaine 22;07:26;20:25;OUI;;Loos-en-Gohelle 74A;0,9
221280;02/04/2023;02/04/2023;12:02:51;GPS;5;3722;13;0;50,90344600000;2,15930800000;-38;0;295;28;405;-290;382;-27;690;742;Jour;Quinzaine 22;07:26;20:25;OUI;;Loos-en-Gohelle 74A;2,0
221280;02/04/2023;02/04/2023;17:02:50;GPS;8;3722;13;0;50,90384700000;2,15803700000;22;0;0;30;414;-207;334;-238;603;765;Jour;Quinzaine 22;07:26;20:25;OUI;;Loos-en-Gohelle 74A;0,8
221280;02/04/2023;02/04/2023;20:26:41;GPS;5;3722;13;0;50,89482500000;2,16679500000;49;0;170;32;368;-2;224;-519;-154;842;Nuit;Quinzaine 22;07:26;20:25;OUI;;Loos-en-Gohelle 74A;2,1
221280;03/04/2023;03/04/2023;00:25:50;GPS;14;3719;13;0;50,89619800000;2,16693000000;3;0;0;26;59;-49;198;-136;382;925;Nuit;Quinzaine 22;07:24;20:26;OUI;;Loos-en-Gohelle 74A;0,6
221280;03/04/2023;03/04/2023;04:25:50;GPS;14;3719;13;0;50,89499700000;2,16695500000;13;0;297;27;205;-85;269;-69;611;792;Nuit;Quinzaine 22;07:24;20:26;OUI;;Loos-en-Gohelle 74A;0,7
221280;03/04/2023;03/04/2023;06:59:02;GPS;5;3716;12;0;50,90408700000;2,15808000000;29;0;0;26;478;-237;423;-63;549;843;Nuit;Quinzaine 22;07:24;20:27;OUI;;Loos-en-Gohelle 74A;1,7
221280;03/04/2023;03/04/2023;11:59:14;GPS;10;3716;12;0;50,90392700000;2,15821500000;-10;0;285;32;500;-238;403;-176;594;790;Jour;Quinzaine 22;07:24;20:27;OUI;;Loos-en-Gohelle 74A;1,2
221280;03/04/2023;03/04/2023;16:59:20;GPS;7;3716;12;0;50,90392300000;2,15796800000;3;0;0;31;410;-246;350;-173;646;756;Jour;Quinzaine 22;07:24;20:27;OUI;;Loos-en-Gohelle 74A;1,6
221280;03/04/2023;03/04/2023;20:28:34;GPS;7;3716;12;0;50,89530200000;2,16670000000;-17;0;356;31;418;389;455;-197;395;911;Nuit;Quinzaine 22;07:24;20:26;OUI;;Loos-en-Gohelle 74A;1,7
221280;04/04/2023;04/04/2023;00:28:30;GPS;7;3716;12;0;50,89495100000;2,16694200000;14;0;0;32;242;474;485;-336;151;947;Nuit;Quinzaine 23;07:22;20:28;OUI;;Loos-en-Gohelle 74A;1,1
221280;04/04/2023;04/04/2023;04:28:19;GPS;8;3716;12;0;50,89511100000;2,16669800000;-6;0;12;31;0;-328;162;-262;-420;874;Nuit;Quinzaine 23;07:22;20:28;OUI;;Loos-en-Gohelle 74A;1,4
221280;04/04/2023;04/04/2023;06:57:11;GPS;10;3713;11;0;50,89527500000;2,16674000000;-1;0;293;31;264;-178;220;-204;-317;949;Nuit;Quinzaine 23;07:22;20:28;OUI;;Loos-en-Gohelle 74A;0,8
221280;04/04/2023;04/04/2023;11:57:19;GPS;8;3713;11;0;50,89523300000;2,16668800000;4;0;346;41;555;116;432;-143;46;1000;Jour;Quinzaine 23;07:22;20:28;OUI;;Loos-en-Gohelle 74A;1,8
221280;04/04/2023;04/04/2023;16:57:40;GPS;7;3716;12;0;50,89517600000;2,16678800000;13;0;321;33;271;469;502;-333;111;944;Jour;Quinzaine 23;07:22;20:28;OUI;;Loos-en-Gohelle 74A;1,6
221280;04/04/2023;04/04/2023;20:30:04;GPS;6;3716;12;0;50,89510000000;2,16700800000;10;0;158;30;120;458;418;-255;333;914;Nuit;Quinzaine 23;07:22;20:28;OUI;;Loos-en-Gohelle 74A;1,9
221280;05/04/2023;05/04/2023;00:29:50;GPS;9;3716;12;0;50,89521000000;2,16679200000;21;0;313;28;296;485;543;-330;430;848;Nuit;Quinzaine 23;07:20;20:30;OUI;;Loos-en-Gohelle 74A;1,7
221280;05/04/2023;05/04/2023;04:30:10;GPS;7;3713;11;0;50,89493200000;2,16707300000;40;1;302;27;202;347;284;17;429;927;Nuit;Quinzaine 23;07:20;20:30;OUI;;Loos-en-Gohelle 74A;1,4
221280;05/04/2023;05/04/2023;06:55:28;GPS;6;3713;11;0;50,89539300000;2,16657300000;-9;0;87;31;291;438;377;-69;359;950;Nuit;Quinzaine 23;07:20;20:30;OUI;;Loos-en-Gohelle 74A;1,8
221280;05/04/2023;05/04/2023;11:55:35;GPS;6;3719;13;5;50,89524800000;2,16658200000;-23;0;160;42;599;265;479;-29;429;929;Jour;Quinzaine 23;07:20;20:30;OUI;;Loos-en-Gohelle 74A;1,8
221280;05/04/2023;05/04/2023;16:55:44;GPS;8;3736;17;0;50,89508400000;2,16690000000;18;2;142;33;176;608;574;-468;42;882;Jour;Quinzaine 23;07:20;20:30;OUI;;Loos-en-Gohelle 74A;1,2
221280;05/04/2023;05/04/2023;20:32:51;GPS;7;3733;17;0;50,89513000000;2,16691000000;-12;0;352;32;337;354;416;-166;74;998;Nuit;Quinzaine 23;07:20;20:30;OUI;;Loos-en-Gohelle 74A;1,8
221280;06/04/2023;06/04/2023;00:32:17;GPS;9;3730;16;0;50,89513000000;2,16692300000;22;0;198;30;342;484;502;-280;389;884;Nuit;Quinzaine 23;07:17;20:31;OUI;;Loos-en-Gohelle 74A;1,0
221280;06/04/2023;06/04/2023;04:32:20;GPS;8;3730;16;0;50,89501600000;2,16702700000;47;0;0;30;480;498;645;-364;451;821;Nuit;Quinzaine 23;07:17;20:31;OUI;;Loos-en-Gohelle 74A;1,7
221280;06/04/2023;06/04/2023;06:52:41;GPS;8;3730;16;0;50,89526700000;2,16682300000;20;0;290;31;474;416;521;-190;373;918;Nuit;Quinzaine 23;07:17;20:31;OUI;;Loos-en-Gohelle 74A;1,4
221280;06/04/2023;06/04/2023;11:52:49;GPS;7;3730;16;3;50,89531300000;2,16666000000;0;0;0;35;-79;264;242;-256;448;868;Jour;Quinzaine 23;07:17;20:31;OUI;;Loos-en-Gohelle 74A;1,8
221280;06/04/2023;06/04/2023;16:53:31;GPS;6;3733;17;0;50,89510300000;2,16654800000;44;0;150;34;85;-324;152;-421;20;913;Jour;Quinzaine 23;07:17;20:31;OUI;;Loos-en-Gohelle 74A;1,4
221280;06/04/2023;06/04/2023;20:34:19;GPS;11;3730;16;0;50,89514200000;2,16688800000;-5;0;348;33;-28;-364;142;-381;-32;938;Nuit;Quinzaine 23;07:17;20:31;OUI;;Loos-en-Gohelle 74A;1,1
221280;07/04/2023;07/04/2023;00:34:16;GPS;8;3730;16;0;50,89531300000;2,16662200000;54;1;337;32;340;-220;193;-473;23;888;Nuit;Quinzaine 23;07:15;20:33;OUI;;Loos-en-Gohelle 74A;1,2
221280;07/04/2023;07/04/2023;04:34:04;GPS;7;3727;15;0;50,89535500000;2,16677500000;-8;0;0;33;319;-182;180;-389;-117;931;Nuit;Quinzaine 23;07:15;20:33;OUI;;Loos-en-Gohelle 74A;1,5
221280;07/04/2023;07/04/2023;06:50:51;GPS;7;3727;15;0;50,89498500000;2,16704300000;18;1;296;33;127;-310;135;-453;-136;886;Nuit;Quinzaine 23;07:15;20:33;OUI;;Loos-en-Gohelle 74A;1,2
221280;07/04/2023;07/04/2023;11:51:10;GPS;7;3727;15;0;50,89543200000;2,16654200000;-48;0;0;40;235;-378;149;-421;4;915;Jour;Quinzaine 23;07:15;20:33;OUI;;Loos-en-Gohelle 74A;1,2
221280;07/04/2023;07/04/2023;16:51:04;GPS;7;3730;16;0;50,89536700000;2,16696500000;-14;0;126;35;-94;-315;174;-379;-42;930;Jour;Quinzaine 23;07:15;20:33;OUI;;Loos-en-Gohelle 74A;1,2
221280;07/04/2023;07/04/2023;20:36:50;GPS;8;3727;15;0;50,89526700000;2,16684500000;12;0;229;31;138;459;458;-349;-289;906;Nuit;Quinzaine 23;07:15;20:33;OUI;;Loos-en-Gohelle 74A;1,3
221280;08/04/2023;08/04/2023;00:36:50;GPS;16;3727;15;0;50,89502700000;2,16700200000;3;0;0;31;383;-183;298;-162;132;391;Nuit;Quinzaine 23;07:13;20:35;OUI;;Loos-en-Gohelle 74A;0,6
221280;08/04/2023;08/04/2023;04:36:50;GPS;6;3727;15;0;50,89520300000;2,16675800000;-7;0;0;30;527;151;400;238;391;921;Nuit;Quinzaine 23;07:13;20:35;OUI;;Loos-en-Gohelle 74A;1,8
221280;08/04/2023;08/04/2023;06:49:19;GPS;7;3727;15;0;50,89503500000;2,16662300000;20;0;0;32;-5;-349;115;-374;100;926;Nuit;Quinzaine 23;07:13;20:35;OUI;;Loos-en-Gohelle 74A;1,6
221280;08/04/2023;08/04/2023;11:49:24;GPS;9;3725;14;0;50,89553500000;2,16658000000;-56;0;0;37;140;-314;152;-454;-118;890;Jour;Quinzaine 23;07:13;20:35;OUI;;Loos-en-Gohelle 74A;1,1
221280;08/04/2023;08/04/2023;16:49:16;GPS;8;3725;14;0;50,89494300000;2,16707700000;33;0;0;34;326;-162;194;-511;-40;868;Jour;Quinzaine 23;07:13;20:35;OUI;;Loos-en-Gohelle 74A;1,2
221280;08/04/2023;08/04/2023;20:39:50;GPS;8;3725;14;0;50,89527900000;2,16675000000;11;0;353;33;286;-270;184;-428;-49;916;Nuit;Quinzaine 23;07:13;20:35;OUI;;Loos-en-Gohelle 74A;1,4
221280;09/04/2023;09/04/2023;00:39:29;GPS;6;3725;14;0;50,89513000000;2,16643700000;31;0;0;34;-408;-179;173;-342;59;947;Nuit;Quinzaine 23;07:11;20:36;OUI;;Loos-en-Gohelle 74A;1,6
221280;09/04/2023;09/04/2023;04:40:08;GPS;5;3722;13;0;50,89547300000;2,16653000000;-12;0;312;31;391;379;435;-94;415;923;Nuit;Quinzaine 23;07:11;20:36;OUI;;Loos-en-Gohelle 74A;2,6
221280;09/04/2023;09/04/2023;06:47:01;GPS;8;3719;13;0;50,89505000000;2,16659200000;23;0;59;33;180;-215;100;-552;62;831;Nuit;Quinzaine 23;07:11;20:36;OUI;;Loos-en-Gohelle 74A;1,3
221280;09/04/2023;09/04/2023;11:46:28;GPS;10;3722;13;4;50,89513400000;2,16656200000;5;0;334;44;-113;-234;144;-506;19;842;Jour;Quinzaine 23;07:11;20:36;OUI;;Loos-en-Gohelle 74A;1,4
221280;09/04/2023;09/04/2023;16:46:52;GPS;7;3727;15;0;50,89516100000;2,16687300000;9;0;277;34;414;471;551;-320;358;878;Jour;Quinzaine 23;07:11;20:36;OUI;;Loos-en-Gohelle 74A;1,3
221280;09/04/2023;09/04/2023;20:41:19;GPS;7;3725;14;0;50,89500800000;2,16665200000;126;1;9;33;77;212;248;-321;-723;683;Nuit;Quinzaine 23;07:11;20:36;OUI;;Loos-en-Gohelle 74A;1,6
221280;10/04/2023;10/04/2023;00:41:20;GPS;6;3725;14;0;50,89524100000;2,16654200000;12;0;0;33;-188;-267;103;-460;54;887;Nuit;Quinzaine 23;07:09;20:38;OUI;;Loos-en-Gohelle 74A;1,6
221280;10/04/2023;10/04/2023;04:41:28;GPS;7;3725;14;0;50,89535900000;2,16668500000;-11;0;310;33;229;514;510;-337;33;952;Nuit;Quinzaine 23;07:09;20:38;OUI;;Loos-en-Gohelle 74A;1,5
221280;10/04/2023;10/04/2023;06:44:49;GPS;7;3722;13;0;50,89552700000;2,16629200000;-84;1;341;33;204;515;531;-342;-9;954;Nuit;Quinzaine 23;07:09;20:38;OUI;;Loos-en-Gohelle 74A;1,3
221280;10/04/2023;10/04/2023;11:45:41;GPS;7;3722;13;0;50,89536300000;2,16663700000;5;0;166;35;173;434;416;-147;24;1005;Jour;Quinzaine 23;07:09;20:38;OUI;;Loos-en-Gohelle 74A;2,2
221280;10/04/2023;10/04/2023;16:44:59;GPS;7;3722;13;0;50,89516800000;2,16691000000;10;0;0;34;-215;378;241;-237;306;931;Jour;Quinzaine 23;07:09;20:38;OUI;;Loos-en-Gohelle 74A;1,2
221280;10/04/2023;10/04/2023;20:44:48;GPS;6;3719;13;0;50,89506100000;2,16683700000;16;0;102;33;129;576;594;-431;20;909;Nuit;Quinzaine 23;07:09;20:38;OUI;;Loos-en-Gohelle 74A;2,2
221280;11/04/2023;11/04/2023;00:44:26;GPS;7;3719;13;0;50,89474500000;2,16745000000;37;0;0;33;458;126;388;-321;-21;961;Nuit;Quinzaine 23;07:06;20:39;OUI;;Loos-en-Gohelle 74A;1,1
221280;11/04/2023;11/04/2023;04:44:13;GPS;6;3716;12;0;50,89538600000;2,16666800000;12;0;153;31;-28;572;447;-365;287;888;Nuit;Quinzaine 23;07:06;20:40;OUI;;Loos-en-Gohelle 74A;1,7
221280;11/04/2023;11/04/2023;06:41:58;GPS;7;3716;12;0;50,89523300000;2,16684800000;24;0;214;31;57;558;408;-246;373;904;Nuit;Quinzaine 23;07:06;20:39;OUI;;Loos-en-Gohelle 74A;1,4
221280;11/04/2023;11/04/2023;11:42:11;GPS;8;3719;13;2;50,89537000000;2,16676300000;9;0;341;40;435;196;364;-10;62;1019;Jour;Quinzaine 23;07:06;20:40;OUI;;Loos-en-Gohelle 74A;1,1
221280;11/04/2023;11/04/2023;16:42:45;GPS;7;3725;14;0;50,89514500000;2,16700000000;-3;0;130;33;340;463;483;-278;185;957;Jour;Quinzaine 23;07:06;20:39;OUI;;Loos-en-Gohelle 74A;2,1
221280;11/04/2023;11/04/2023;20:45:40;GPS;8;3725;14;0;50,89477500000;2,16683500000;28;0;0;31;-75;-376;103;-329;0;959;Nuit;Quinzaine 23;07:06;20:39;OUI;;Loos-en-Gohelle 74A;1,4
221280;12/04/2023;12/04/2023;00:45:49;GPS;8;3722;13;0;50,89529800000;2,16655500000;11;0;295;33;-470;189;272;-405;45;916;Nuit;Quinzaine 23;07:04;20:41;OUI;;Loos-en-Gohelle 74A;1,5
221280;12/04/2023;12/04/2023;04:46:25;GPS;6;3722;13;0;50,89499700000;2,16704200000;30;0;329;31;169;573;522;-364;132;933;Nuit;Quinzaine 23;07:04;20:41;OUI;;Loos-en-Gohelle 74A;2,0
221280;12/04/2023;12/04/2023;06:40:34;GPS;8;3719;13;0;50,89500400000;2,16742700000;102;0;107;32;295;515;525;-297;267;924;Nuit;Quinzaine 23;07:04;20:41;OUI;;Loos-en-Gohelle 74A;0,8
221280;12/04/2023;12/04/2023;11:41:19;GPS;8;3719;13;3;50,89527500000;2,16669800000;11;0;14;33;317;509;436;-184;342;933;Jour;Quinzaine 23;07:04;20:41;OUI;;Loos-en-Gohelle 74A;1,5
221280;12/04/2023;12/04/2023;16:40:40;GPS;7;3722;13;0;50,89547300000;2,16653000000;0;0;12;31;278;497;494;-317;132;953;Jour;Quinzaine 23;07:04;20:41;OUI;;Loos-en-Gohelle 74A;1,2
221280;12/04/2023;12/04/2023;20:49:04;GPS;9;3722;13;0;50,89519100000;2,16674200000;-14;0;163;26;240;512;367;-145;421;910;Nuit;Quinzaine 23;07:04;20:41;OUI;;Loos-en-Gohelle 74A;1,1
221280;13/04/2023;13/04/2023;00:49:05;GPS;6;3719;13;0;50,89515300000;2,16683300000;28;1;158;30;154;633;618;-495;163;860;Nuit;Quinzaine 23;07:02;20:43;OUI;;Loos-en-Gohelle 74A;1,1
221280;13/04/2023;13/04/2023;04:49:04;GPS;10;3719;13;0;50,90382400000;2,15836800000;14;0;68;27;513;116;530;-131;635;768;Nuit;Quinzaine 23;07:02;20:43;OUI;;Loos-en-Gohelle 74A;1,1
221280;13/04/2023;13/04/2023;06:38:12;GPS;10;3719;13;3;50,90383100000;2,15839500000;2;0;0;32;526;167;584;-261;640;725;Nuit;Quinzaine 23;07:02;20:43;OUI;;Loos-en-Gohelle 74A;0,9
221280;13/04/2023;13/04/2023;11:38:34;GPS;9;3725;14;0;50,90385800000;2,15828800000;-5;0;0;31;519;161;550;-359;539;764;Jour;Quinzaine 23;07:02;20:43;OUI;;Loos-en-Gohelle 74A;0,8
221280;13/04/2023;13/04/2023;16:38:34;GPS;7;3727;15;0;50,90336200000;2,15833200000;14;0;0;30;333;-39;284;-108;771;627;Jour;Quinzaine 23;07:02;20:43;OUI;;Loos-en-Gohelle 74A;1,4
221280;13/04/2023;13/04/2023;20:51:18;GPS;12;3727;15;0;50,89789600000;2,16398700000;-11;0;0;25;553;13;553;-175;677;721;Nuit;Quinzaine 23;07:02;20:43;OUI;;Loos-en-Gohelle 74A;0,8
221280;14/04/2023;14/04/2023;00:51:19;GPS;15;3727;15;0;50,89526400000;2,16710700000;-17;0;0;25;339;192;433;-151;769;622;Nuit;Quinzaine 23;07:00;20:44;OUI;;Loos-en-Gohelle 74A;0,6
221280;14/04/2023;14/04/2023;04:51:20;GPS;12;3727;15;0;50,90403400000;2,15821700000;16;0;0;24;381;-213;358;-146;692;711;Nuit;Quinzaine 23;07:00;20:44;OUI;;Loos-en-Gohelle 74A;0,8
221280;14/04/2023;14/04/2023;06:36:42;GPS;11;3725;14;0;50,90385100000;2,15828200000;-12;0;163;26;361;-175;322;-193;647;749;Nuit;Quinzaine 23;07:00;20:44;OUI;;Loos-en-Gohelle 74A;0,8
221280;14/04/2023;14/04/2023;11:36:40;GPS;9;3725;14;0;50,90391500000;2,15816000000;4;0;0;29;534;-143;487;-228;665;721;Jour;Quinzaine 23;07:00;20:44;OUI;;Loos-en-Gohelle 74A;0,9
221280;14/04/2023;14/04/2023;16:36:41;GPS;5;3725;14;0;50,90411000000;2,15830200000;-4;0;0;29;238;209;341;-206;541;810;Jour;Quinzaine 23;07:00;20:44;OUI;;Loos-en-Gohelle 74A;1,6
221280;14/04/2023;14/04/2023;20:53:50;GPS;7;3725;14;0;50,89510300000;2,16676500000;2;0;0;28;533;-180;590;-121;791;592;Nuit;Quinzaine 23;07:00;20:44;OUI;;Loos-en-Gohelle 74A;1,0
221280;15/04/2023;15/04/2023;00:53:55;GPS;13;3725;14;0;50,89540100000;2,16654800000;-17;0;56;24;386;-44;325;-115;872;453;Nuit;Quinzaine 23;06:58;20:46;OUI;;Loos-en-Gohelle 74A;0,7
221280;15/04/2023;15/04/2023;04:53:39;GPS;5;3722;13;0;50,90394200000;2,15822000000;8;0;186;22;321;-106;276;-299;551;772;Nuit;Quinzaine 23;06:58;20:46;OUI;;Loos-en-Gohelle 74A;1,0
221280;15/04/2023;15/04/2023;06:34:41;GPS;7;3722;13;0;50,90383500000;2,15801000000;-3;0;0;25;340;-170;307;-204;627;757;Nuit;Quinzaine 23;06:58;20:46;OUI;;Loos-en-Gohelle 74A;1,0
221280;15/04/2023;15/04/2023;11:34:49;GPS;6;3722;13;0;50,90386600000;2,15815500000;11;0;0;28;459;-250;391;-123;697;720;Jour;Quinzaine 23;06:58;20:46;OUI;;Loos-en-Gohelle 74A;1,0
221280;15/04/2023;15/04/2023;16:34:40;GPS;10;3725;14;0;50,90374000000;2,15834300000;-25;0;0;31;595;29;605;-103;750;667;Jour;Quinzaine 23;06:58;20:46;OUI;;Loos-en-Gohelle 74A;1,0
221280;15/04/2023;15/04/2023;20:56:19;GPS;7;3727;15;0;50,89522900000;2,16635300000;16;0;0;26;392;201;430;-64;711;711;Nuit;Quinzaine 23;06:58;20:46;OUI;;Loos-en-Gohelle 74A;1,1
221280;16/04/2023;16/04/2023;00:56:21;GPS;6;3725;14;0;50,89524500000;2,16642800000;12;0;0;24;559;136;713;4;923;385;Nuit;Quinzaine 23;06:56;20:48;OUI;;Loos-en-Gohelle 74A;1,2
221280;16/04/2023;16/04/2023;04:56:34;GPS;6;3725;14;0;50,90388900000;2,15846300000;100;0;146;24;419;-218;388;-115;716;687;Nuit;Quinzaine 23;06:56;20:48;OUI;;Loos-en-Gohelle 74A;1,2
221280;16/04/2023;16/04/2023;06:32:40;GPS;13;3725;14;0;50,90389300000;2,15821000000;-1;0;0;26;423;-224;379;-131;710;697;Nuit;Quinzaine 23;06:56;20:48;OUI;;Loos-en-Gohelle 74A;0,7
221280;16/04/2023;16/04/2023;11:32:40;GPS;8;3725;14;10;50,90383100000;2,15821800000;18;0;184;31;293;64;299;-199;704;688;Jour;Quinzaine 23;06:56;20:48;OUI;;Loos-en-Gohelle 74A;1,0
221280;16/04/2023;16/04/2023;16:32:41;GPS;10;3730;16;0;50,90383100000;2,15844700000;-18;0;50;31;529;-163;466;-224;649;741;Jour;Quinzaine 23;06:56;20:48;OUI;;Loos-en-Gohelle 74A;0,9
221280;16/04/2023;16/04/2023;20:58:50;GPS;10;3730;16;0;50,89500400000;2,16755700000;2;0;0;27;183;0;270;-308;627;707;Nuit;Quinzaine 23;06:56;20:48;OUI;;Loos-en-Gohelle 74A;0,9
221280;17/04/2023;17/04/2023;00:58:50;GPS;9;3730;16;0;50,89551200000;2,16648300000;2;0;0;25;490;151;663;-40;856;510;Nuit;Quinzaine 23;06:54;20:49;OUI;;Loos-en-Gohelle 74A;1,0
221280;17/04/2023;17/04/2023;04:59:07;GPS;7;3730;16;0;50,89814400000;2,16446500000;-29;0;282;25;27;-102;211;370;280;925;Nuit;Quinzaine 23;06:54;20:49;OUI;;Loos-en-Gohelle 74A;1,4
221284;01/04/2023;01/04/2023;00:22:20;GPS;7;3732;16;0;50,61201900000;1,63783000000;62;0;0;26;166;-224;122;446;510;781;Nuit;Quinzaine 22;07:31;20:25;OUI;;Loos-en-Gohelle 74B;1,0
221284;01/04/2023;01/04/2023;04:22:20;GPS;6;3735;17;0;50,60772300000;1,62756200000;71;0;0;27;187;-192;122;348;565;782;Nuit;Quinzaine 22;07:31;20:25;OUI;;Loos-en-Gohelle 74B;1,2
221284;01/04/2023;01/04/2023;05:38:40;GPS;11;3732;16;0;50,60659000000;1,62141800000;108;0;257;27;545;-359;462;410;641;696;Nuit;Quinzaine 22;07:31;20:25;OUI;;Loos-en-Gohelle 74B;0,9
221284;01/04/2023;01/04/2023;12:38:10;GPS;6;3732;16;0;50,60657500000;1,62155700000;114;0;0;28;615;-270;574;275;819;553;Jour;Quinzaine 22;07:31;20:25;OUI;;Loos-en-Gohelle 74B;1,5
221284;01/04/2023;01/04/2023;18:40:51;GPS;5;3735;17;0;50,60708200000;1,61002300000;118;0;0;27;558;-329;461;320;679;709;Jour;Quinzaine 22;07:31;20:25;OUI;;Loos-en-Gohelle 74B;1,3
221284;01/04/2023;01/04/2023;20:24:28;GPS;10;3735;17;0;50,60089500000;1,59090300000;30;0;0;26;-134;-297;171;617;-7;797;Jour;Quinzaine 22;07:31;20:25;OUI;;Loos-en-Gohelle 74B;1,1
221284;02/04/2023;02/04/2023;00:24:33;GPS;7;3732;16;0;50,58239000000;1,57936300000;8;0;0;27;451;-403;354;254;605;781;Nuit;Quinzaine 22;07:29;20:27;OUI;;Loos-en-Gohelle 74B;1,2
221284;02/04/2023;02/04/2023;04:24:19;GPS;17;3732;16;0;50,58722700000;1,58911000000;19;0;0;27;284;-349;208;252;715;689;Nuit;Quinzaine 22;07:29;20:27;OUI;;Loos-en-Gohelle 74B;0,6
221284;02/04/2023;02/04/2023;07:04:10;GPS;9;3732;16;0;50,60466400000;1,59237500000;-10;0;0;28;525;-433;500;495;662;640;Nuit;Quinzaine 22;07:29;20:27;OUI;;Loos-en-Gohelle 74B;0,9
221284;02/04/2023;02/04/2023;14:04:09;GPS;5;3732;16;0;50,60574300000;1,59307200000;14;1;321;30;602;-339;484;381;683;677;Jour;Quinzaine 22;07:29;20:27;OUI;;Loos-en-Gohelle 74B;1,9
221284;02/04/2023;02/04/2023;20:26:59;GPS;9;3735;17;0;50,60572800000;1,64510000000;116;0;59;28;216;-432;236;253;366;909;Jour;Quinzaine 22;07:29;20:27;OUI;;Loos-en-Gohelle 74B;1,1
221284;03/04/2023;03/04/2023;00:26:49;GPS;14;3738;18;0;50,61585200000;1,81994200000;153;0;0;26;486;-433;414;432;600;722;Nuit;Quinzaine 22;07:26;20:28;OUI;;Loos-en-Gohelle 74B;0,6
221284;03/04/2023;03/04/2023;04:26:50;GPS;12;3738;18;0;50,61460500000;1,83620200000;135;0;0;28;128;-437;190;482;440;794;Nuit;Quinzaine 22;07:26;20:28;OUI;;Loos-en-Gohelle 74B;0,7
221284;03/04/2023;03/04/2023;07:01:51;GPS;8;3735;17;0;50,61975900000;1,85132200000;174;0;0;29;130;-484;247;468;388;832;Nuit;Quinzaine 22;07:26;20:27;OUI;;Loos-en-Gohelle 74B;1,2
221284;03/04/2023;03/04/2023;14:01:51;GPS;5;3735;17;0;50,62031600000;1,85130000000;83;0;0;32;240;-539;334;508;522;735;Jour;Quinzaine 22;07:26;20:27;OUI;;Loos-en-Gohelle 74B;1,4
221284;03/04/2023;03/04/2023;20:27:49;GPS;7;3738;18;0;50,63211100000;1,90281700000;164;0;0;26;349;-465;300;342;659;721;Jour;Quinzaine 22;07:25;20:27;OUI;;Loos-en-Gohelle 74B;1,4
221284;04/04/2023;04/04/2023;00:27:50;GPS;6;3740;19;0;50,69336300000;1,95707700000;143;0;0;25;319;-224;155;313;777;584;Nuit;Quinzaine 23;07:23;20:29;OUI;;Loos-en-Gohelle 74B;1,0
221284;04/04/2023;04/04/2023;04:27:50;GPS;5;3740;19;0;50,69111300000;1,97214200000;206;0;285;25;326;-440;288;299;605;756;Nuit;Quinzaine 23;07:23;20:29;OUI;;Loos-en-Gohelle 74B;1,6
221284;04/04/2023;04/04/2023;06:58:41;GPS;9;3740;19;0;50,69564800000;1,98546500000;201;0;0;29;565;-362;444;405;626;710;Nuit;Quinzaine 23;07:23;20:29;OUI;;Loos-en-Gohelle 74B;0,9
221284;04/04/2023;04/04/2023;13:58:50;GPS;5;3740;19;1;50,69551500000;1,98572700000;213;0;0;32;604;-365;532;347;764;607;Jour;Quinzaine 23;07:23;20:29;OUI;;Loos-en-Gohelle 74B;1,6
221284;04/04/2023;04/04/2023;20:29:50;GPS;8;3746;20;0;50,70835900000;1,99685200000;181;0;0;27;485;-443;453;313;779;580;Jour;Quinzaine 23;07:23;20:29;OUI;;Loos-en-Gohelle 74B;1,2
221284;05/04/2023;05/04/2023;00:29:51;GPS;6;3749;21;0;50,67387800000;1,93783500000;170;0;0;26;369;-481;266;338;544;789;Nuit;Quinzaine 23;07:21;20:30;OUI;;Loos-en-Gohelle 74B;1,3
221284;05/04/2023;05/04/2023;04:29:51;GPS;4;3746;20;0;50,70431500000;1,95082300000;202;0;0;26;449;-128;216;506;601;664;Nuit;Quinzaine 23;07:21;20:30;OUI;;Loos-en-Gohelle 74B;1,8
221284;05/04/2023;05/04/2023;06:56:21;GPS;7;3746;20;0;50,71145600000;1,95404200000;209;0;0;31;459;-404;333;458;342;850;Nuit;Quinzaine 23;07:21;20:30;OUI;;Loos-en-Gohelle 74B;1,2
221284;05/04/2023;05/04/2023;13:56:28;GPS;6;3746;20;0;50,71193700000;1,95392700000;138;0;0;33;382;-143;198;459;531;757;Jour;Quinzaine 23;07:21;20:30;OUI;;Loos-en-Gohelle 74B;1,5
221284;05/04/2023;05/04/2023;20:32:19;GPS;16;3749;21;0;50,69081500000;1,94399000000;98;0;0;27;568;-279;417;320;631;738;Nuit;Quinzaine 23;07:21;20:30;OUI;;Loos-en-Gohelle 74B;0,7
221284;06/04/2023;06/04/2023;00:32:18;GPS;11;3749;21;0;50,68916300000;1,94411500000;126;0;0;29;554;-339;427;568;532;690;Nuit;Quinzaine 23;07:19;20:32;OUI;;Loos-en-Gohelle 74B;0,8
221284;06/04/2023;06/04/2023;04:32:19;GPS;14;3749;21;0;50,68311300000;1,95003300000;136;0;335;26;576;-292;274;482;484;784;Nuit;Quinzaine 23;07:19;20:32;OUI;;Loos-en-Gohelle 74B;0,7
221284;06/04/2023;06/04/2023;06:53:48;GPS;6;3749;21;0;50,67874500000;1,95648800000;158;0;355;28;318;-396;243;304;756;637;Nuit;Quinzaine 23;07:18;20:32;OUI;;Loos-en-Gohelle 74B;1,4
221284;06/04/2023;06/04/2023;13:54:19;GPS;7;3749;21;0;50,67871500000;1,95651700000;199;0;348;30;152;-461;249;533;486;748;Jour;Quinzaine 23;07:18;20:32;OUI;;Loos-en-Gohelle 74B;1,4
221284;06/04/2023;06/04/2023;20:34:20;GPS;16;3749;21;0;50,68902200000;1,94438000000;111;0;304;28;33;-480;255;460;160;909;Nuit;Quinzaine 23;07:19;20:32;OUI;;Loos-en-Gohelle 74B;0,6
221284;07/04/2023;07/04/2023;00:34:20;GPS;15;3751;22;0;50,66933800000;1,93196800000;189;0;0;28;159;-112;110;460;236;876;Nuit;Quinzaine 23;07:16;20:34;OUI;;Loos-en-Gohelle 74B;0,7
221284;07/04/2023;07/04/2023;04:34:21;GPS;5;3751;22;0;50,63808100000;1,80344300000;202;0;226;27;321;-226;134;317;752;632;Nuit;Quinzaine 23;07:17;20:34;OUI;;Loos-en-Gohelle 74B;2,0
221284;07/04/2023;07/04/2023;06:52:06;GPS;8;3749;21;0;50,63502900000;1,79411000000;198;0;0;30;385;-534;401;440;628;698;Nuit;Quinzaine 23;07:17;20:34;OUI;;Loos-en-Gohelle 74B;0,8
221284;07/04/2023;07/04/2023;13:52:49;GPS;7;3746;20;0;50,63520800000;1,79387500000;205;0;303;31;563;-457;549;465;723;590;Jour;Quinzaine 23;07:17;20:34;OUI;;Loos-en-Gohelle 74B;1,2
221284;07/04/2023;07/04/2023;20:36:35;GPS;7;3749;21;0;50,60269900000;1,74934700000;131;0;350;26;390;-465;359;367;558;776;Nuit;Quinzaine 23;07:17;20:34;OUI;;Loos-en-Gohelle 74B;1,0
221284;08/04/2023;08/04/2023;00:36:27;GPS;6;3749;21;0;50,58257700000;1,70919800000;113;0;0;25;622;-151;624;167;920;433;Nuit;Quinzaine 23;07:15;20:36;OUI;;Loos-en-Gohelle 74B;1,1
221284;08/04/2023;08/04/2023;04:36:40;GPS;11;3749;21;0;50,60538500000;1,61889200000;127;0;248;26;515;-251;339;503;102;479;Nuit;Quinzaine 23;07:16;20:36;OUI;;Loos-en-Gohelle 74B;1,0
221284;08/04/2023;08/04/2023;06:50:13;GPS;8;3746;20;0;50,60348900000;1,61470000000;11;0;100;29;409;-154;209;459;694;619;Nuit;Quinzaine 23;07:16;20:36;OUI;;Loos-en-Gohelle 74B;0,9
221284;08/04/2023;08/04/2023;13:50:34;GPS;7;3746;20;0;50,60448800000;1,61514700000;52;0;40;31;632;-154;480;271;726;681;Jour;Quinzaine 23;07:16;20:36;OUI;;Loos-en-Gohelle 74B;1,1
221284;08/04/2023;08/04/2023;20:40:02;GPS;12;3746;20;0;50,58302300000;1,60860200000;35;0;228;26;346;-553;425;559;517;695;Nuit;Quinzaine 23;07:16;20:36;OUI;;Loos-en-Gohelle 74B;0,7
221284;09/04/2023;09/04/2023;00:39:50;GPS;9;3749;21;0;50,54139300000;1,62157500000;34;0;0;25;591;-56;423;-225;716;699;Nuit;Quinzaine 23;07:13;20:38;OUI;;Loos-en-Gohelle 74B;1,0
221284;09/04/2023;09/04/2023;04:39:51;GPS;5;3749;21;0;50,54936200000;1,62889700000;110;0;330;26;532;-15;337;271;702;699;Nuit;Quinzaine 23;07:13;20:38;OUI;;Loos-en-Gohelle 74B;1,9
221284;09/04/2023;09/04/2023;06:49:11;GPS;8;3746;20;0;50,54925200000;1,62656000000;74;0;0;30;639;-77;541;-106;809;600;Nuit;Quinzaine 23;07:13;20:38;OUI;;Loos-en-Gohelle 74B;0,9
221284;09/04/2023;09/04/2023;13:49:10;GPS;7;3743;19;0;50,54988900000;1,62753200000;34;0;310;33;436;-574;527;596;587;627;Jour;Quinzaine 23;07:13;20:38;OUI;;Loos-en-Gohelle 74B;1,3
221284;09/04/2023;09/04/2023;20:41:50;GPS;8;3743;19;0;50,57395900000;1,65105000000;113;0;187;29;459;-31;242;298;693;703;Nuit;Quinzaine 23;07:13;20:38;OUI;;Loos-en-Gohelle 74B;1,0
221284;10/04/2023;10/04/2023;00:41:48;GPS;7;3746;20;0;50,56726500000;1,69925800000;69;0;240;28;464;-479;432;371;680;693;Nuit;Quinzaine 23;07:11;20:39;OUI;;Loos-en-Gohelle 74B;0,9
221284;10/04/2023;10/04/2023;04:41:50;GPS;7;3746;20;0;50,52978900000;1,66647000000;80;0;0;27;369;7;94;219;495;873;Nuit;Quinzaine 23;07:11;20:39;OUI;;Loos-en-Gohelle 74B;1,0
221284;10/04/2023;10/04/2023;06:46:50;GPS;10;3743;19;0;50,52986100000;1,66644700000;70;0;36;31;367;-152;194;487;605;695;Nuit;Quinzaine 23;07:11;20:39;OUI;;Loos-en-Gohelle 74B;0,8
221284;10/04/2023;10/04/2023;13:46:50;GPS;12;3743;19;0;50,52978100000;1,66656000000;67;0;0;31;344;-185;229;509;612;667;Jour;Quinzaine 23;07:11;20:39;OUI;;Loos-en-Gohelle 74B;0,7
221284;10/04/2023;10/04/2023;20:44:11;GPS;9;3746;20;0;50,53201300000;1,66987200000;52;0;216;28;288;-496;299;499;702;593;Nuit;Quinzaine 23;07:11;20:39;OUI;;Loos-en-Gohelle 74B;0,9
221284;11/04/2023;11/04/2023;00:44:10;GPS;19;3746;20;0;50,53213100000;1,66775000000;30;0;0;28;542;-335;393;307;578;779;Nuit;Quinzaine 23;07:09;20:41;OUI;;Loos-en-Gohelle 74B;0,6
221284;11/04/2023;11/04/2023;04:44:12;GPS;15;3746;20;0;50,54460900000;1,63416500000;70;1;257;28;364;-173;182;-507;94;1738;Nuit;Quinzaine 23;07:09;20:41;OUI;;Loos-en-Gohelle 74B;0,7
221284;11/04/2023;11/04/2023;06:44:12;GPS;7;3743;19;0;50,54251500000;1,63351200000;47;0;246;29;550;-148;338;483;679;628;Nuit;Quinzaine 23;07:09;20:41;OUI;;Loos-en-Gohelle 74B;1,1
221284;11/04/2023;11/04/2023;13:45:05;GPS;8;3746;20;2;50,54241600000;1,63351200000;109;0;178;34;399;-143;204;453;407;841;Jour;Quinzaine 23;07:09;20:41;OUI;;Loos-en-Gohelle 74B;1,2
221284;11/04/2023;11/04/2023;20:46:10;GPS;13;3754;23;0;50,55686600000;1,64969200000;90;0;148;28;611;-217;444;412;686;656;Nuit;Quinzaine 23;07:09;20:41;OUI;;Loos-en-Gohelle 74B;0,7
221284;12/04/2023;12/04/2023;00:46:08;GPS;5;3754;23;0;50,54740100000;1,65453000000;77;0;0;27;439;-162;223;434;333;874;Nuit;Quinzaine 23;07:07;20:43;OUI;;Loos-en-Gohelle 74B;1,2
221284;12/04/2023;12/04/2023;04:46:10;GPS;11;3754;23;0;50,55245200000;1,73808000000;79;0;0;28;152;-31;116;280;-73;979;Nuit;Quinzaine 23;07:07;20:42;OUI;;Loos-en-Gohelle 74B;0,8
221284;12/04/2023;12/04/2023;06:42:47;GPS;9;3751;22;0;50,55339100000;1,73753800000;76;0;102;30;565;-354;437;360;607;743;Nuit;Quinzaine 23;07:07;20:42;OUI;;Loos-en-Gohelle 74B;0,8
221284;12/04/2023;12/04/2023;13:42:49;GPS;7;3754;23;3;50,55349300000;1,73752200000;65;0;291;32;493;-416;398;519;400;814;Jour;Quinzaine 23;07:07;20:42;OUI;;Loos-en-Gohelle 74B;1,1
221284;12/04/2023;12/04/2023;20:42:51;GPS;7;3757;23;0;50,55294000000;1,73713000000;32;0;0;26;82;-213;107;564;246;830;Jour;Quinzaine 23;07:07;20:42;OUI;;Loos-en-Gohelle 74B;1,2
221284;12/04/2023;12/04/2023;20:48:15;GPS;8;3757;23;0;50,55259700000;1,73681200000;74;0;227;26;91;-139;91;530;50;831;Nuit;Quinzaine 23;07:07;20:42;OUI;;Loos-en-Gohelle 74B;1,2
221284;13/04/2023;13/04/2023;00:48:59;GPS;10;3757;23;0;50,56629200000;1,77025800000;95;1;331;29;374;-149;186;469;273;923;Nuit;Quinzaine 23;07:04;20:44;OUI;;Loos-en-Gohelle 74B;0,9
221284;13/04/2023;13/04/2023;04:48:39;GPS;12;3754;23;0;50,57104500000;1,77707300000;166;0;354;29;144;-403;187;509;510;747;Nuit;Quinzaine 23;07:04;20:44;OUI;;Loos-en-Gohelle 74B;0,7
221284;13/04/2023;13/04/2023;06:40:22;GPS;5;3751;22;0;50,57061000000;1,77683300000;89;1;100;30;490;-96;279;392;569;760;Nuit;Quinzaine 23;07:04;20:44;OUI;;Loos-en-Gohelle 74B;1,9
221284;13/04/2023;13/04/2023;13:40:51;GPS;6;3754;23;2;50,57053800000;1,77700800000;68;0;221;32;519;-148;305;488;660;648;Jour;Quinzaine 23;07:04;20:44;OUI;;Loos-en-Gohelle 74B;1,1
221284;13/04/2023;13/04/2023;20:40:21;GPS;5;3760;24;0;50,56921000000;1,77416300000;66;0;0;29;584;-303;450;326;676;707;Jour;Quinzaine 23;07:04;20:44;OUI;;Loos-en-Gohelle 74B;1,9
221284;13/04/2023;13/04/2023;20:50:54;GPS;5;3760;24;0;50,56783700000;1,77322800000;47;11;207;28;461;-149;237;516;467;765;Nuit;Quinzaine 23;07:04;20:44;OUI;;Loos-en-Gohelle 74B;1,8
221284;14/04/2023;14/04/2023;00:51:12;GPS;7;3760;24;0;50,56901200000;1,77453200000;77;0;0;29;448;49;250;47;858;549;Nuit;Quinzaine 23;07:02;20:45;OUI;;Loos-en-Gohelle 74B;1,1
221284;14/04/2023;14/04/2023;04:51:20;GPS;10;3760;24;0;50,59695100000;1,79688800000;147;0;355;27;119;-453;221;379;338;878;Nuit;Quinzaine 23;07:02;20:45;OUI;;Loos-en-Gohelle 74B;1,0
221284;14/04/2023;14/04/2023;06:38:11;GPS;7;3757;23;0;50,59702700000;1,79688200000;150;1;193;29;602;-178;395;491;726;564;Nuit;Quinzaine 23;07:02;20:45;OUI;;Loos-en-Gohelle 74B;1,0
221284;14/04/2023;14/04/2023;13:38:45;GPS;5;3757;23;0;50,59682800000;1,79720800000;107;0;210;31;590;-101;399;410;823;492;Jour;Quinzaine 23;07:02;20:45;OUI;;Loos-en-Gohelle 74B;1,4
221284;14/04/2023;14/04/2023;20:38:21;GPS;5;3757;23;0;50,56889700000;1,77505200000;116;0;0;29;-155;-147;157;484;-589;670;Jour;Quinzaine 23;07:02;20:45;OUI;;Loos-en-Gohelle 74B;1,5
221284;14/04/2023;14/04/2023;20:53:08;GPS;4;3757;23;0;50,56940800000;1,77274800000;127;0;0;29;611;-304;622;229;903;456;Nuit;Quinzaine 23;07:02;20:45;OUI;;Loos-en-Gohelle 74B;1,8
221284;15/04/2023;15/04/2023;00:53:20;GPS;6;3757;23;0;50,57739300000;1,76220300000;87;0;0;27;523;-318;170;244;890;462;Nuit;Quinzaine 23;07:00;20:47;OUI;;Loos-en-Gohelle 74B;1,0
221284;15/04/2023;15/04/2023;04:54:04;GPS;7;3757;23;0;50,61832800000;1,76224700000;48;0;23;29;321;-83;169;206;725;695;Nuit;Quinzaine 23;07:00;20:47;OUI;;Loos-en-Gohelle 74B;1,3
221284;15/04/2023;15/04/2023;06:36:20;GPS;8;3754;23;0;50,61853000000;1,76249200000;128;0;0;29;454;-426;371;217;720;701;Nuit;Quinzaine 23;07:00;20:47;OUI;;Loos-en-Gohelle 74B;1,0
221284;15/04/2023;15/04/2023;13:36:39;GPS;8;3757;23;0;50,61872500000;1,76274000000;106;0;285;32;516;-134;270;466;641;674;Jour;Quinzaine 23;07:00;20:47;OUI;;Loos-en-Gohelle 74B;0,9
221284;15/04/2023;15/04/2023;20:36:33;GPS;9;3760;24;0;50,61924400000;1,77243700000;179;0;0;29;176;-390;167;407;555;759;Jour;Quinzaine 23;07:00;20:47;OUI;;Loos-en-Gohelle 74B;1,5
221284;15/04/2023;15/04/2023;20:55:49;GPS;10;3763;25;0;50,61942700000;1,78518500000;141;0;0;27;125;-343;136;396;483;819;Nuit;Quinzaine 23;07:00;20:47;OUI;;Loos-en-Gohelle 74B;1,2
221284;16/04/2023;16/04/2023;00:56:10;GPS;8;3763;25;0;50,66946000000;1,87101200000;141;0;0;25;508;-426;464;241;921;415;Nuit;Quinzaine 23;06:57;20:48;OUI;;Loos-en-Gohelle 74B;1,2
221284;16/04/2023;16/04/2023;04:56:10;GPS;7;3763;25;0;50,66655000000;1,92614300000;220;0;0;28;225;-419;196;435;624;699;Nuit;Quinzaine 23;06:57;20:48;OUI;;Loos-en-Gohelle 74B;1,1
221284;16/04/2023;16/04/2023;06:34:12;GPS;9;3760;24;0;50,66631700000;1,92599500000;147;0;0;30;346;-364;241;235;776;627;Nuit;Quinzaine 23;06:57;20:48;OUI;;Loos-en-Gohelle 74B;1,0
221284;16/04/2023;16/04/2023;13:34:29;GPS;5;3760;24;2;50,66737400000;1,92558500000;-191;0;0;32;377;-98;194;389;635;725;Jour;Quinzaine 23;06:57;20:48;OUI;;Loos-en-Gohelle 74B;1,5
221284;16/04/2023;16/04/2023;20:34:20;GPS;10;3765;26;0;50,67046700000;1,92473500000;123;0;355;28;433;19;217;218;756;663;Jour;Quinzaine 23;06:57;20:48;OUI;;Loos-en-Gohelle 74B;0,9
221284;16/04/2023;16/04/2023;20:58:11;GPS;10;3768;27;0;50,67075300000;1,92374700000;91;0;132;27;447;-4;235;271;601;775;Nuit;Quinzaine 23;06:57;20:48;OUI;;Loos-en-Gohelle 74B;0,9
221284;17/04/2023;17/04/2023;00:58:20;GPS;8;3768;27;0;50,68986900000;1,94462000000;113;0;0;26;384;-180;193;251;855;511;Nuit;Quinzaine 23;06:55;20:50;OUI;;Loos-en-Gohelle 74B;0,8
221284;17/04/2023;17/04/2023;04:58:40;GPS;9;3768;27;0;50,67867300000;1,95661700000;194;0;222;29;16;-440;227;516;258;850;Nuit;Quinzaine 23;06:55;20:50;OUI;;Loos-en-Gohelle 74B;1,0
221284;17/04/2023;17/04/2023;06:31:50;GPS;7;3765;26;0;50,67872200000;1,95667500000;162;0;0;30;254;-521;338;487;519;751;Nuit;Quinzaine 23;06:55;20:50;OUI;;Loos-en-Gohelle 74B;1,3
221284;17/04/2023;17/04/2023;13:31:51;GPS;4;3765;26;0;50,67865000000;1,95648000000;168;0;0;30;231;-484;270;438;572;740;Jour;Quinzaine 23;06:55;20:50;OUI;;Loos-en-Gohelle 74B;2,0
221279;01/04/2023;01/04/2023;03:26:20;GPS;12;3834;45;0;50,61776700000;1,71120500000;89;0;0;25;387;131;406;-204;779;649;Nuit;Quinzaine 22;07:31;20:25;OUI;;Quelmes;0,8
221279;01/04/2023;01/04/2023;05:37:11;GPS;7;3834;45;0;50,61707300000;1,70655700000;212;0;322;25;507;-392;434;-68;912;513;Nuit;Quinzaine 22;07:31;20:25;OUI;;Quelmes;1,2
221279;01/04/2023;01/04/2023;08:45:49;GPS;6;3831;45;1;50,61707700000;1,70580700000;133;0;163;27;214;144;271;-258;487;864;Jour;Quinzaine 22;07:31;20:25;OUI;;Quelmes;1,3
221279;01/04/2023;01/04/2023;15:45:20;GPS;10;3828;44;0;50,61711900000;1,70581800000;121;0;0;28;458;75;453;-187;714;727;Jour;Quinzaine 22;07:31;20:25;OUI;;Quelmes;0,9
221279;01/04/2023;01/04/2023;19:28:21;GPS;11;3831;45;0;50,62245200000;1,72024000000;53;0;238;26;205;12;191;40;459;927;Jour;Quinzaine 22;07:30;20:25;OUI;;Quelmes;0,9
221279;01/04/2023;01/04/2023;23:28:10;GPS;13;3834;45;0;50,61571500000;1,70917800000;159;0;0;22;581;-83;628;-167;907;498;Nuit;Quinzaine 22;07:31;20:25;OUI;;Quelmes;0,7
221279;02/04/2023;02/04/2023;03:28:14;GPS;9;3831;45;0;50,61615000000;1,72391700000;153;0;0;26;187;-28;182;-368;-166;921;Nuit;Quinzaine 22;07:28;20:26;OUI;;Quelmes;1,0
221279;02/04/2023;02/04/2023;06:57:37;GPS;5;3831;45;0;50,61708800000;1,70761700000;89;0;0;26;493;114;589;-313;805;553;Nuit;Quinzaine 22;07:28;20:26;OUI;;Quelmes;1,3
221279;02/04/2023;02/04/2023;13:57:21;GPS;7;3831;45;0;50,61717600000;1,70753500000;114;0;0;26;552;-26;586;-143;870;543;Jour;Quinzaine 22;07:28;20:26;OUI;;Quelmes;1,2
221279;02/04/2023;02/04/2023;19:29:40;GPS;8;3831;45;0;50,61653100000;1,69389000000;145;18;75;23;135;-31;158;-215;318;1119;Jour;Quinzaine 22;07:28;20:26;OUI;;Quelmes;1,1
221279;02/04/2023;02/04/2023;23:29:40;GPS;13;3834;45;0;50,61655000000;1,69669500000;126;0;67;25;398;-342;271;-143;687;764;Nuit;Quinzaine 22;07:28;20:26;OUI;;Quelmes;0,7
221279;03/04/2023;03/04/2023;03:29:40;GPS;15;3834;45;0;50,61537600000;1,69707000000;173;0;0;23;279;10;208;-114;775;693;Nuit;Quinzaine 22;07:26;20:28;OUI;;Quelmes;0,7
221279;03/04/2023;03/04/2023;06:56:03;GPS;6;3834;45;0;50,61705800000;1,69838300000;92;0;163;27;248;-299;175;-97;649;801;Nuit;Quinzaine 22;07:26;20:28;OUI;;Quelmes;1,1
221279;03/04/2023;03/04/2023;13:56:07;GPS;6;3828;44;0;50,61712300000;1,69834200000;229;15;106;31;16;117;254;-461;332;829;Jour;Quinzaine 22;07:26;20:28;OUI;;Quelmes;1,4
221279;03/04/2023;03/04/2023;19:31:16;GPS;7;3828;44;0;50,61675600000;1,69699500000;146;3;357;25;-55;234;359;-460;-155;881;Jour;Quinzaine 22;07:26;20:28;OUI;;Quelmes;1,5
221279;03/04/2023;03/04/2023;23:30:49;GPS;12;3834;45;0;50,61618000000;1,70680800000;165;6;23;24;-254;-225;226;-134;67;866;Nuit;Quinzaine 22;07:26;20:28;OUI;;Quelmes;0,7
221279;04/04/2023;04/04/2023;03:30:50;GPS;12;3837;46;0;50,61841600000;1,70311000000;125;0;0;26;389;-322;265;-180;608;804;Nuit;Quinzaine 22;07:24;20:30;OUI;;Quelmes;0,8
221279;04/04/2023;04/04/2023;06:52:49;GPS;6;3831;45;0;50,61665700000;1,69716000000;135;0;168;28;168;75;219;-286;597;775;Nuit;Quinzaine 22;07:24;20:30;OUI;;Quelmes;1,5
221279;04/04/2023;04/04/2023;13:52:40;GPS;14;3826;43;1;50,61666500000;1,69795800000;122;0;171;31;381;93;354;-167;786;652;Jour;Quinzaine 22;07:24;20:30;OUI;;Quelmes;0,9
221279;04/04/2023;04/04/2023;19:33:20;GPS;9;3828;44;0;50,61849600000;1,70165200000;121;0;0;25;420;154;480;-352;639;717;Jour;Quinzaine 22;07:24;20:30;OUI;;Quelmes;0,8
221279;04/04/2023;04/04/2023;23:33:21;GPS;6;3837;46;0;50,61749600000;1,70634800000;82;0;0;23;238;162;311;-216;526;855;Nuit;Quinzaine 22;07:24;20:30;OUI;;Quelmes;1,2
221279;05/04/2023;05/04/2023;03:33:21;GPS;6;3837;46;0;50,61671100000;1,69673700000;139;0;0;25;501;-310;392;-182;770;661;Nuit;Quinzaine 22;07:22;20:31;OUI;;Quelmes;1,2
221279;05/04/2023;05/04/2023;06:51:10;GPS;8;3837;46;0;50,61652400000;1,69776500000;139;0;0;25;286;75;248;-167;773;669;Nuit;Quinzaine 22;07:22;20:31;OUI;;Quelmes;1,1
221279;05/04/2023;05/04/2023;13:50:50;GPS;6;3831;45;1;50,61648200000;1,69717800000;103;0;0;30;556;34;624;-182;892;502;Jour;Quinzaine 22;07:22;20:31;OUI;;Quelmes;1,3
221279;05/04/2023;05/04/2023;19:35:40;GPS;11;3834;45;0;50,61699700000;1,69714500000;108;2;84;26;363;-231;246;-252;84;888;Jour;Quinzaine 22;07:22;20:31;OUI;;Quelmes;1,0
221279;05/04/2023;05/04/2023;23:35:20;GPS;5;3839;47;0;50,61898000000;1,70112500000;103;0;0;26;509;1;450;-493;537;698;Nuit;Quinzaine 22;07:22;20:31;OUI;;Quelmes;1,9
221279;06/04/2023;06/04/2023;03:35:20;GPS;7;3839;47;0;50,61985400000;1,71587700000;34;0;0;23;769;91;370;-80;914;512;Nuit;Quinzaine 22;07:20;20:33;OUI;;Quelmes;1,1
221279;06/04/2023;06/04/2023;06:48:40;GPS;11;3839;47;0;50,61658500000;1,69754700000;115;0;325;26;368;-19;264;-16;851;607;Nuit;Quinzaine 22;07:20;20:33;OUI;;Quelmes;0,8
221279;06/04/2023;06/04/2023;13:48:40;GPS;10;3837;46;3;50,61692000000;1,69685000000;172;0;213;31;479;92;500;-263;704;706;Jour;Quinzaine 22;07:20;20:33;OUI;;Quelmes;1,1
221279;06/04/2023;06/04/2023;19:37:10;GPS;14;3839;47;0;50,61753800000;1,70521700000;104;0;214;25;234;76;224;-251;710;705;Jour;Quinzaine 22;07:20;20:33;OUI;;Quelmes;0,8
221279;06/04/2023;06/04/2023;23:36:51;GPS;7;3845;49;0;50,62234900000;1,72120000000;73;0;0;25;404;-138;248;95;937;488;Nuit;Quinzaine 22;07:19;20:33;OUI;;Quelmes;1,1
221279;07/04/2023;07/04/2023;03:37:40;GPS;13;3845;49;0;50,61692000000;1,69771800000;99;0;198;26;-107;32;194;-127;153;1045;Nuit;Quinzaine 22;07:17;20:35;OUI;;Quelmes;0,9
221279;07/04/2023;07/04/2023;06:46:20;GPS;7;3842;48;0;50,61648200000;1,69671200000;136;0;0;27;420;-349;279;-127;759;705;Nuit;Quinzaine 22;07:17;20:35;OUI;;Quelmes;1,3
221279;07/04/2023;07/04/2023;13:46:19;GPS;8;3842;48;1;50,61657700000;1,69704800000;150;0;314;29;541;51;598;-171;893;501;Jour;Quinzaine 22;07:17;20:35;OUI;;Quelmes;1,0
221279;07/04/2023;07/04/2023;19:39:11;GPS;14;3850;50;0;50,61663800000;1,69760200000;123;0;90;26;225;16;197;-280;709;685;Jour;Quinzaine 22;07:17;20:35;OUI;;Quelmes;0,7
221279;07/04/2023;07/04/2023;23:39:10;GPS;17;3856;51;0;50,61542900000;1,69398300000;174;0;0;25;397;126;412;-184;742;705;Nuit;Quinzaine 22;07:17;20:35;OUI;;Quelmes;0,6
221279;08/04/2023;08/04/2023;03:39:05;GPS;8;3859;52;0;50,61713800000;1,69747200000;151;0;0;21;572;-181;514;-126;783;675;Nuit;Quinzaine 22;07:15;20:36;OUI;;Quelmes;1,0
221279;08/04/2023;08/04/2023;06:44:20;GPS;10;3853;51;0;50,61665700000;1,69670500000;110;0;0;26;249;-165;165;-247;664;754;Nuit;Quinzaine 22;07:15;20:36;OUI;;Quelmes;0,9
221279;08/04/2023;08/04/2023;13:44:20;GPS;11;3850;50;0;50,61658500000;1,69729000000;151;0;0;30;319;-217;218;-178;754;687;Jour;Quinzaine 22;07:15;20:36;OUI;;Quelmes;1,0
221279;08/04/2023;08/04/2023;19:40:55;GPS;8;3853;51;0;50,61763400000;1,68911500000;159;30;148;25;427;-140;295;-245;383;983;Jour;Quinzaine 22;07:15;20:36;OUI;;Quelmes;1,5
221279;08/04/2023;08/04/2023;23:40:50;GPS;8;3861;52;0;50,62879600000;1,70560800000;-47;0;178;24;-155;-31;180;-303;77;961;Nuit;Quinzaine 22;07:15;20:36;OUI;;Quelmes;1,1
221279;09/04/2023;09/04/2023;03:40:50;GPS;12;3856;51;0;50,62358900000;1,70482700000;48;0;0;24;494;111;538;-470;631;646;Nuit;Quinzaine 22;07:13;20:38;OUI;;Quelmes;0,8
221279;09/04/2023;09/04/2023;06:42:19;GPS;9;3859;52;0;50,61646300000;1,69720500000;118;0;0;27;195;-67;178;-356;607;736;Nuit;Quinzaine 22;07:13;20:38;OUI;;Quelmes;0,9
221279;09/04/2023;09/04/2023;13:42:19;GPS;10;3853;51;5;50,61645500000;1,69664800000;125;0;0;35;450;-336;312;-158;815;613;Jour;Quinzaine 22;07:13;20:38;OUI;;Quelmes;1,1
221279;09/04/2023;09/04/2023;19:42:55;GPS;10;3864;52;0;50,62407700000;1,70651800000;68;45;11;28;-112;-172;171;-136;98;973;Jour;Quinzaine 22;07:13;20:38;OUI;;Quelmes;1,0
221279;09/04/2023;09/04/2023;23:42:40;GPS;16;3872;54;0;50,62546200000;1,71090200000;51;0;0;28;367;-237;251;-64;865;570;Nuit;Quinzaine 22;07:13;20:38;OUI;;Quelmes;0,6
221279;10/04/2023;10/04/2023;03:42:40;GPS;15;3872;54;0;50,61580300000;1,72052200000;165;0;0;28;420;36;349;-396;314;881;Nuit;Quinzaine 22;07:11;20:39;OUI;;Quelmes;0,7
221279;10/04/2023;10/04/2023;06:40:04;GPS;9;3872;54;0;50,61649300000;1,69735000000;143;0;0;29;355;-189;227;-192;820;595;Nuit;Quinzaine 22;07:11;20:39;OUI;;Quelmes;0,9
221279;10/04/2023;10/04/2023;13:39:50;GPS;9;3872;54;0;50,61650500000;1,69685200000;122;0;0;28;511;-386;423;-51;922;496;Jour;Quinzaine 22;07:11;20:39;OUI;;Quelmes;1,3
221279;10/04/2023;10/04/2023;19:44:41;GPS;14;3875;54;0;50,61657300000;1,69708500000;121;0;0;26;531;-26;493;-16;775;702;Jour;Quinzaine 22;07:11;20:39;OUI;;Quelmes;0,7
221279;10/04/2023;10/04/2023;23:44:26;GPS;5;3878;55;0;50,61885100000;1,70073000000;90;49;36;25;-154;-66;183;-195;70;831;Nuit;Quinzaine 22;07:11;20:39;OUI;;Quelmes;1,3
221279;11/04/2023;11/04/2023;03:45:11;GPS;8;3880;55;0;50,61669200000;1,69690700000;134;0;0;27;373;125;377;-346;498;862;Nuit;Quinzaine 22;07:09;20:41;OUI;;Quelmes;1,5
221279;11/04/2023;11/04/2023;06:38:19;GPS;7;3878;55;0;50,61645900000;1,69677000000;105;0;179;27;286;-159;187;-125;762;695;Nuit;Quinzaine 22;07:09;20:41;OUI;;Quelmes;1,4
221279;11/04/2023;11/04/2023;13:38:20;GPS;8;3875;54;4;50,61665300000;1,69714000000;133;0;346;32;419;113;438;-202;776;640;Jour;Quinzaine 22;07:09;20:41;OUI;;Quelmes;1,0
221279;11/04/2023;11/04/2023;19:46:11;GPS;10;3886;56;0;50,61652400000;1,69672700000;117;0;0;26;533;-418;543;30;958;438;Jour;Quinzaine 22;07:09;20:41;OUI;;Quelmes;1,1
221279;11/04/2023;11/04/2023;23:46:11;GPS;10;3891;57;0;50,61662700000;1,69672500000;99;0;0;25;523;-428;544;46;975;412;Nuit;Quinzaine 22;07:09;20:41;OUI;;Quelmes;0,9
221279;12/04/2023;12/04/2023;03:46:10;GPS;15;3889;57;0;50,61914800000;1,70113000000;113;0;0;25;482;-208;337;116;474;941;Nuit;Quinzaine 22;07:07;20:43;OUI;;Quelmes;0,7
221279;12/04/2023;12/04/2023;06:36:19;GPS;7;3889;57;0;50,61773300000;1,69840200000;227;0;152;26;484;-254;368;-231;616;786;Nuit;Quinzaine 22;07:07;20:43;OUI;;Quelmes;1,4
221279;12/04/2023;12/04/2023;13:36:12;GPS;8;3889;57;1;50,61848100000;1,69859200000;232;1;0;28;576;-80;508;-66;758;712;Jour;Quinzaine 22;07:07;20:43;OUI;;Quelmes;1,7
221279;12/04/2023;12/04/2023;19:48:12;GPS;6;3894;57;0;50,61720300000;1,70750200000;303;0;0;25;541;9;573;11;974;412;Jour;Quinzaine 22;07:07;20:42;OUI;;Quelmes;1,1
221279;12/04/2023;12/04/2023;23:48:12;GPS;11;3900;58;0;50,61659600000;1,69691000000;110;0;155;24;536;-276;450;-152;795;653;Nuit;Quinzaine 22;07:07;20:43;OUI;;Quelmes;1,3
221279;13/04/2023;13/04/2023;03:48:19;GPS;7;3897;58;0;50,61665700000;1,69770300000;122;0;359;26;289;-334;215;-133;603;822;Nuit;Quinzaine 23;07:05;20:44;OUI;;Quelmes;1,5
221279;13/04/2023;13/04/2023;06:34:01;GPS;7;3894;57;0;50,61629900000;1,69724700000;59;2;314;27;337;-180;222;-182;822;600;Nuit;Quinzaine 23;07:05;20:44;OUI;;Quelmes;1,0
221279;13/04/2023;13/04/2023;13:33:50;GPS;7;3891;57;1;50,61664200000;1,69773200000;164;1;119;33;594;-98;631;-193;851;549;Jour;Quinzaine 23;07:05;20:44;OUI;;Quelmes;1,1
221279;13/04/2023;13/04/2023;19:50:35;GPS;9;3916;61;0;50,61658100000;1,69736800000;135;0;0;27;356;-215;236;-205;786;639;Jour;Quinzaine 23;07:05;20:44;OUI;;Quelmes;1,1
221279;13/04/2023;13/04/2023;23:50:20;GPS;9;3932;64;0;50,62206600000;1,72125700000;66;0;0;27;329;111;324;-261;788;602;Nuit;Quinzaine 23;07:04;20:44;OUI;;Quelmes;1,0
221279;14/04/2023;14/04/2023;03:50:22;GPS;5;3932;64;0;50,61643200000;1,69773000000;116;0;316;25;454;92;462;-142;794;653;Nuit;Quinzaine 23;07:02;20:46;OUI;;Quelmes;1,5
221279;14/04/2023;14/04/2023;06:31:50;GPS;6;3932;64;2;50,61664200000;1,69742000000;98;0;0;26;273;-128;206;-273;731;677;Nuit;Quinzaine 23;07:02;20:46;OUI;;Quelmes;1,5
221279;14/04/2023;14/04/2023;13:32:04;GPS;9;3932;64;1;50,61666100000;1,69734200000;99;0;211;29;415;-366;299;-38;872;571;Jour;Quinzaine 23;07:02;20:46;OUI;;Quelmes;0,9
221279;14/04/2023;14/04/2023;19:51:50;GPS;8;3949;67;0;50,62123900000;1,70146700000;75;2;12;28;249;-307;194;-378;171;1113;Jour;Quinzaine 23;07:02;20:46;OUI;;Quelmes;1,0
221279;14/04/2023;14/04/2023;23:51:50;GPS;11;3951;67;0;50,61657700000;1,69739200000;118;1;320;25;505;-400;430;-22;971;416;Nuit;Quinzaine 23;07:02;20:46;OUI;;Quelmes;0,9
221279;15/04/2023;15/04/2023;03:51:52;GPS;6;3954;67;0;50,61667600000;1,69739700000;111;0;0;26;364;-295;253;-20;862;581;Nuit;Quinzaine 23;07:00;20:47;OUI;;Quelmes;1,5
221279;15/04/2023;15/04/2023;06:30:11;GPS;10;3949;67;0;50,61671800000;1,69756200000;116;0;249;26;377;-137;258;-31;901;528;Nuit;Quinzaine 23;07:00;20:47;OUI;;Quelmes;0,9
221279;15/04/2023;15/04/2023;13:30:10;GPS;9;3949;67;3;50,61650100000;1,69859200000;110;0;179;32;370;111;348;-234;820;576;Jour;Quinzaine 23;07:00;20:47;OUI;;Quelmes;1,0
221279;15/04/2023;15/04/2023;19:53:51;GPS;10;3957;68;0;50,61672600000;1,69761800000;137;0;228;26;532;46;567;-344;739;631;Jour;Quinzaine 23;07:00;20:47;OUI;;Quelmes;1,0
221279;15/04/2023;15/04/2023;23:53:49;GPS;11;3965;69;0;50,62487800000;1,70087500000;46;0;197;24;507;52;513;-31;916;512;Nuit;Quinzaine 23;07:00;20:47;OUI;;Quelmes;0,8
221279;16/04/2023;16/04/2023;03:53:50;GPS;11;3968;70;0;50,61671400000;1,69728700000;146;0;0;26;483;-373;389;-84;868;561;Nuit;Quinzaine 23;06:58;20:49;OUI;;Quelmes;0,7
221279;16/04/2023;16/04/2023;06:28:10;GPS;13;3962;69;0;50,61652400000;1,69743200000;117;0;0;28;410;-130;265;-484;682;584;Nuit;Quinzaine 23;06:58;20:49;OUI;;Quelmes;0,7
221279;16/04/2023;16/04/2023;13:28:10;GPS;10;3962;69;7;50,61647000000;1,69744000000;108;0;142;34;451;-279;276;-261;784;602;Jour;Quinzaine 23;06:58;20:49;OUI;;Quelmes;1,0
221279;16/04/2023;16/04/2023;19:56:41;GPS;0;3979;72;0;0,00000000000;0,00000000000;0;0;0;28;502;105;530;-194;875;527;Jour;Quinzaine 23;07:57;20:03;NON;Pas de coordonnées GPS;Quelmes;0,0
221279;16/04/2023;16/04/2023;23:56:15;GPS;11;3987;73;0;50,61673000000;1,69794800000;165;0;23;28;439;113;450;-174;848;564;Nuit;Quinzaine 23;06:58;20:49;OUI;;Quelmes;0,7
221279;17/04/2023;17/04/2023;03:55:42;GPS;13;3984;72;0;50,61695900000;1,69750300000;140;0;177;25;285;178;343;-292;490;855;Nuit;Quinzaine 23;06:56;20:51;OUI;;Quelmes;0,7
221279;17/04/2023;17/04/2023;06:25:19;GPS;8;3984;72;0;50,61659200000;1,69781800000;117;0;0;28;344;167;412;-312;781;584;Nuit;Quinzaine 23;06:56;20:51;OUI;;Quelmes;0,9
221282;01/04/2023;01/04/2023;00:14:40;GPS;12;3763;25;0;50,77141200000;3,73654800000;82;0;0;24;392;230;332;-408;656;623;Nuit;Quinzaine 21;07:22;20:17;OUI;;Wallers;0,7
221282;01/04/2023;01/04/2023;04:14:40;GPS;14;3763;25;0;50,77234600000;3,73771000000;70;0;0;25;382;248;381;-456;572;661;Nuit;Quinzaine 21;07:22;20:17;OUI;;Wallers;0,7
221282;01/04/2023;01/04/2023;05:29:09;GPS;9;3763;25;0;50,77057300000;3,73804300000;100;0;236;25;562;-219;254;-359;735;568;Nuit;Quinzaine 21;07:22;20:17;OUI;;Wallers;0,9
221282;01/04/2023;01/04/2023;12:29:16;GPS;8;3763;25;0;50,77055000000;3,73822300000;115;0;0;28;602;-183;297;-425;639;625;Jour;Quinzaine 21;07:22;20:17;OUI;;Wallers;1,2
221282;01/04/2023;01/04/2023;19:29:10;GPS;8;3755;23;0;50,77253700000;3,73768300000;68;0;40;21;445;-414;238;68;746;648;Jour;Quinzaine 21;07:22;20:17;OUI;;Wallers;1,0
221282;01/04/2023;01/04/2023;20:16:38;GPS;6;3752;22;0;50,77124000000;3,73580200000;76;0;147;22;540;-279;279;-212;801;523;Jour;Quinzaine 21;07:22;20:17;OUI;;Wallers;1,4
221282;02/04/2023;02/04/2023;00:17:26;GPS;4;3752;22;0;50,77075200000;3,73766300000;93;0;271;27;226;42;122;-360;528;753;Nuit;Quinzaine 21;07:20;20:18;OUI;;Wallers;1,7
221282;02/04/2023;02/04/2023;04:17:06;GPS;8;3749;21;0;50,77182800000;3,73705300000;101;0;43;24;118;-88;68;-312;301;864;Nuit;Quinzaine 21;07:20;20:18;OUI;;Wallers;1,0
221282;02/04/2023;02/04/2023;05:26:49;GPS;5;3749;21;0;50,76970700000;3,74005800000;158;0;49;25;341;187;269;-428;699;557;Nuit;Quinzaine 21;07:20;20:18;OUI;;Wallers;1,2
221282;02/04/2023;02/04/2023;12:27:11;GPS;9;3749;21;0;50,76950100000;3,74002800000;120;0;0;29;557;119;427;-224;872;401;Jour;Quinzaine 21;07:20;20:18;OUI;;Wallers;0,9
221282;02/04/2023;02/04/2023;19:27:10;GPS;9;3749;21;0;50,78235600000;3,76217200000;40;0;0;19;259;111;164;-404;638;638;Jour;Quinzaine 21;07:20;20:18;OUI;;Wallers;1,0
221282;02/04/2023;02/04/2023;20:18:40;GPS;12;3749;21;0;50,78215000000;3,77461200000;73;0;170;20;602;-272;383;-225;858;422;Jour;Quinzaine 21;07:20;20:18;OUI;;Wallers;0,8
221282;03/04/2023;03/04/2023;00:18:49;GPS;6;3749;21;0;50,78979900000;3,75749300000;54;0;0;20;512;-328;272;-8;868;463;Nuit;Quinzaine 21;07:18;20:20;OUI;;Wallers;1,3
221282;03/04/2023;03/04/2023;04:18:51;GPS;4;3749;21;0;50,77521100000;3,70532200000;334;0;0;23;486;47;260;-133;880;420;Nuit;Quinzaine 21;07:18;20:20;OUI;;Wallers;1,7
221282;03/04/2023;03/04/2023;05:25:04;GPS;9;3749;21;0;50,77444100000;3,70599000000;150;0;0;26;461;-194;172;-316;698;620;Nuit;Quinzaine 21;07:18;20:20;OUI;;Wallers;1,0
221282;03/04/2023;03/04/2023;12:25:28;GPS;5;3749;21;0;50,77460100000;3,70334700000;150;0;20;30;488;-117;188;-433;721;514;Jour;Quinzaine 21;07:18;20:20;OUI;;Wallers;1,9
221282;03/04/2023;03/04/2023;19:25:04;GPS;9;3755;23;0;50,77740900000;3,69336300000;113;0;0;24;394;127;227;-220;708;652;Jour;Quinzaine 21;07:18;20:20;OUI;;Wallers;0,9
221282;03/04/2023;03/04/2023;20:20:53;GPS;8;3755;23;0;50,76976800000;3,68812800000;140;0;0;22;545;-194;285;-356;711;589;Jour;Quinzaine 21;07:18;20:20;OUI;;Wallers;0,9
221282;04/04/2023;04/04/2023;00:21:20;GPS;18;3755;23;0;50,78025100000;3,64064000000;112;0;0;19;298;-9;117;-288;676;662;Nuit;Quinzaine 22;07:16;20:22;OUI;;Wallers;0,6
221282;04/04/2023;04/04/2023;04:21:22;GPS;8;3755;23;0;50,79267100000;3,57489700000;92;0;301;22;336;150;226;-371;729;553;Nuit;Quinzaine 22;07:16;20:22;OUI;;Wallers;1,4
221282;04/04/2023;04/04/2023;05:23:13;GPS;8;3755;23;0;50,79326200000;3,57725300000;91;1;60;25;458;194;382;-337;692;621;Nuit;Quinzaine 22;07:16;20:22;OUI;;Wallers;0,9
221282;04/04/2023;04/04/2023;12:23:10;GPS;10;3752;22;0;50,79344200000;3,57711000000;71;0;308;26;670;-34;603;-81;896;406;Jour;Quinzaine 22;07:16;20:22;OUI;;Wallers;0,9
221282;04/04/2023;04/04/2023;19:23:13;GPS;11;3757;23;0;50,78858200000;3,58363800000;57;0;0;25;56;256;271;-403;-177;913;Jour;Quinzaine 22;07:16;20:22;OUI;;Wallers;0,7
221282;04/04/2023;04/04/2023;20:23:38;GPS;6;3757;23;0;50,78875000000;3,58347300000;28;0;0;24;223;99;147;-487;544;662;Nuit;Quinzaine 22;07:16;20:22;OUI;;Wallers;1,4
221282;05/04/2023;05/04/2023;00:23:50;GPS;5;3757;23;0;50,78718900000;3,58522200000;92;0;0;22;451;-148;155;-434;492;751;Nuit;Quinzaine 22;07:14;20:24;OUI;;Wallers;1,8
221282;05/04/2023;05/04/2023;04:24:10;GPS;7;3757;23;0;50,80356200000;3,59183300000;55;0;0;21;235;139;167;-584;533;592;Nuit;Quinzaine 22;07:14;20:24;OUI;;Wallers;1,3
221282;05/04/2023;05/04/2023;05:21:17;GPS;9;3755;23;0;50,80440500000;3,59143500000;73;0;0;27;554;-483;363;219;683;707;Nuit;Quinzaine 22;07:14;20:24;OUI;;Wallers;1,0
221282;05/04/2023;05/04/2023;12:21:28;GPS;6;3755;23;1;50,80409600000;3,59144300000;59;0;251;31;388;97;214;-382;712;560;Jour;Quinzaine 22;07:14;20:24;OUI;;Wallers;1,5
221282;05/04/2023;05/04/2023;14:41:44;GPS;6;3760;24;0;50,80428300000;3,59115000000;111;0;0;31;361;90;211;-405;697;570;Jour;Quinzaine 22;07:14;20:24;OUI;;Wallers;1,1
221282;05/04/2023;05/04/2023;20:26:10;GPS;15;3763;25;0;50,80411100000;3,60604000000;50;0;0;25;652;-148;414;-342;718;600;Nuit;Quinzaine 22;07:14;20:24;OUI;;Wallers;0,7
221282;06/04/2023;06/04/2023;00:26:11;GPS;16;3763;25;0;50,78775800000;3,60263500000;69;0;188;24;500;201;464;-420;685;572;Nuit;Quinzaine 22;07:12;20:25;OUI;;Wallers;0,6
221282;06/04/2023;06/04/2023;04:25:59;GPS;4;3760;24;0;50,77555800000;3,61024500000;107;0;0;23;536;-8;280;-408;392;816;Nuit;Quinzaine 22;07:12;20:25;OUI;;Wallers;1,8
221282;06/04/2023;06/04/2023;06:54:04;GPS;6;3763;25;0;50,77626800000;3,63371300000;91;0;0;26;445;70;235;-244;825;480;Nuit;Quinzaine 22;07:12;20:25;OUI;;Wallers;1,0
221282;06/04/2023;06/04/2023;13:54:05;GPS;7;3760;24;0;50,77612700000;3,63428200000;72;0;0;28;425;172;329;-356;714;577;Jour;Quinzaine 22;07:12;20:25;OUI;;Wallers;1,1
221282;06/04/2023;06/04/2023;20:28:11;GPS;19;3760;24;0;50,78251600000;3,60559300000;57;0;0;22;542;268;212;-358;554;736;Nuit;Quinzaine 22;07:12;20:25;OUI;;Wallers;0,5
221282;07/04/2023;07/04/2023;00:28:11;GPS;15;3760;24;0;50,77714200000;3,62634500000;60;0;0;26;331;55;147;-579;-43;820;Nuit;Quinzaine 22;07:10;20:27;OUI;;Wallers;0,8
221282;07/04/2023;07/04/2023;04:28:12;GPS;14;3760;24;0;50,77627900000;3,63365300000;106;0;282;23;234;180;197;-478;557;660;Nuit;Quinzaine 22;07:09;20:27;OUI;;Wallers;0,8
221282;07/04/2023;07/04/2023;06:51:36;GPS;5;3760;24;0;50,77697000000;3,63385700000;73;0;225;27;315;228;306;-431;577;674;Nuit;Quinzaine 22;07:09;20:27;OUI;;Wallers;1,9
221282;07/04/2023;07/04/2023;13:51:58;GPS;9;3760;24;0;50,77704200000;3,63410300000;90;0;224;27;688;-45;620;-150;895;379;Jour;Quinzaine 22;07:09;20:27;OUI;;Wallers;0,7
221282;07/04/2023;07/04/2023;20:30:20;GPS;8;3760;24;0;50,78308900000;3,62686300000;78;0;222;25;447;-137;162;236;734;637;Nuit;Quinzaine 22;07:09;20:27;OUI;;Wallers;1,2
221282;08/04/2023;08/04/2023;00:30:20;GPS;9;3760;24;0;50,78247100000;3,62813800000;21;0;0;27;182;158;158;-652;399;637;Nuit;Quinzaine 22;07:07;20:29;OUI;;Wallers;0,8
221282;08/04/2023;08/04/2023;04:30:20;GPS;8;3760;24;0;50,77801100000;3,63178300000;94;0;0;25;556;-246;250;-250;632;721;Nuit;Quinzaine 22;07:07;20:29;OUI;;Wallers;0,9
221282;08/04/2023;08/04/2023;06:49:40;GPS;10;3760;24;0;50,77636000000;3,63371300000;61;0;0;26;558;-214;268;-366;758;517;Nuit;Quinzaine 22;07:07;20:29;OUI;;Wallers;0,9
221282;08/04/2023;08/04/2023;13:49:49;GPS;7;3760;24;0;50,77636000000;3,63360000000;104;0;170;29;595;-297;306;-254;770;554;Jour;Quinzaine 22;07:07;20:29;OUI;;Wallers;1,1
221282;08/04/2023;08/04/2023;20:32:49;GPS;12;3757;23;0;50,78196700000;3,63854700000;92;0;0;26;490;-191;193;-303;767;531;Nuit;Quinzaine 22;07:07;20:29;OUI;;Wallers;1,1
221282;09/04/2023;09/04/2023;00:32:49;GPS;12;3757;23;0;50,77821400000;3,64711800000;98;0;0;25;580;-291;319;-196;857;477;Nuit;Quinzaine 22;07:05;20:30;OUI;;Wallers;0,8
221282;09/04/2023;09/04/2023;04:32:50;GPS;8;3757;23;0;50,77525300000;3,70616800000;99;0;0;23;457;-112;187;-502;418;757;Nuit;Quinzaine 22;07:05;20:30;OUI;;Wallers;1,2
221282;09/04/2023;09/04/2023;06:47:21;GPS;11;3757;23;0;50,77413900000;3,70528800000;125;0;0;27;484;-77;211;-386;783;448;Nuit;Quinzaine 22;07:05;20:30;OUI;;Wallers;0,8
221282;09/04/2023;09/04/2023;13:47:46;GPS;8;3757;23;0;50,77412000000;3,70544500000;123;0;51;34;525;-108;225;-382;773;468;Jour;Quinzaine 22;07:05;20:30;OUI;;Wallers;1,4
221282;09/04/2023;09/04/2023;20:34:21;GPS;4;3763;25;0;50,77640500000;3,73056800000;85;0;0;27;544;83;427;-137;792;557;Nuit;Quinzaine 22;07:05;20:30;OUI;;Wallers;1,6
221282;10/04/2023;10/04/2023;00:34:50;GPS;12;3763;25;0;50,77660000000;3,75601700000;63;0;15;24;548;96;424;-379;551;730;Nuit;Quinzaine 22;07:02;20:31;OUI;;Wallers;0,7
221282;10/04/2023;10/04/2023;04:34:19;GPS;6;3763;25;0;50,76243200000;3,75683800000;120;0;0;24;522;-185;253;-439;627;612;Nuit;Quinzaine 22;07:02;20:31;OUI;;Wallers;1,2
221282;10/04/2023;10/04/2023;06:44:49;GPS;7;3763;25;0;50,76240200000;3,75711000000;97;0;0;26;669;-53;619;-323;823;424;Nuit;Quinzaine 22;07:02;20:31;OUI;;Wallers;0,9
221282;10/04/2023;10/04/2023;13:44:50;GPS;7;3769;27;1;50,76237900000;3,75716800000;93;0;0;30;687;-36;556;-375;758;511;Jour;Quinzaine 22;07:02;20:31;OUI;;Wallers;1,0
221282;10/04/2023;10/04/2023;20:37:11;GPS;10;3771;27;0;50,75831600000;3,75416500000;102;0;0;26;315;265;349;-514;316;783;Nuit;Quinzaine 22;07:03;20:31;OUI;;Wallers;0,9
221282;11/04/2023;11/04/2023;00:37:11;GPS;14;3771;27;0;50,75771000000;3,75472300000;101;0;0;27;325;269;363;-511;427;743;Nuit;Quinzaine 22;07:00;20:33;OUI;;Wallers;0,7
221282;11/04/2023;11/04/2023;04:38:07;GPS;10;3769;27;0;50,76982500000;3,73722500000;108;0;0;26;414;-130;128;352;497;807;Nuit;Quinzaine 22;07:00;20:33;OUI;;Wallers;0,8
221282;11/04/2023;11/04/2023;06:42:24;GPS;5;3769;27;0;50,76922600000;3,73779000000;110;0;0;26;696;-131;534;-34;829;517;Nuit;Quinzaine 22;07:00;20:33;OUI;;Wallers;1,0
221282;11/04/2023;11/04/2023;13:42:44;GPS;7;3774;28;2;50,76927600000;3,73775800000;138;0;0;29;476;91;289;-196;784;560;Jour;Quinzaine 22;07:00;20:33;OUI;;Wallers;0,9
221282;11/04/2023;11/04/2023;20:39:40;GPS;9;3777;29;0;50,75966600000;3,74495300000;107;0;344;22;687;-185;509;-249;830;467;Nuit;Quinzaine 22;07:00;20:33;OUI;;Wallers;1,0
221282;12/04/2023;12/04/2023;00:39:20;GPS;8;3777;29;0;50,75510400000;3,73085300000;58;0;0;23;574;-46;315;-320;500;801;Nuit;Quinzaine 22;06:58;20:35;OUI;;Wallers;1,4
221282;12/04/2023;12/04/2023;04:39:22;GPS;5;3777;29;0;50,76325200000;3,70722700000;252;0;181;22;540;147;464;-393;626;657;Nuit;Quinzaine 22;06:58;20:35;OUI;;Wallers;1,8
221282;12/04/2023;12/04/2023;06:40:20;GPS;4;3777;29;0;50,76091000000;3,70364500000;120;0;0;26;231;174;205;-457;535;689;Nuit;Quinzaine 22;06:58;20:35;OUI;;Wallers;1,7
221282;12/04/2023;12/04/2023;13:40:40;GPS;10;3777;29;0;50,76097100000;3,70371500000;114;1;349;29;640;1;468;-399;643;635;Jour;Quinzaine 22;06:58;20:35;OUI;;Wallers;0,9
221282;12/04/2023;12/04/2023;20:41:50;GPS;10;3777;29;0;50,75703800000;3,70722500000;66;0;0;22;660;-153;523;-214;794;515;Nuit;Quinzaine 22;06:58;20:35;OUI;;Wallers;0,9
221282;13/04/2023;13/04/2023;00:41:49;GPS;9;3777;29;0;50,75669500000;3,70822500000;53;0;0;24;468;122;315;-189;586;770;Nuit;Quinzaine 22;06:56;20:36;OUI;;Wallers;0,9
221282;13/04/2023;13/04/2023;04:42:34;GPS;10;3777;29;0;50,76219900000;3,70239800000;129;0;72;23;535;-170;242;-409;590;656;Nuit;Quinzaine 22;06:56;20:36;OUI;;Wallers;0,9
221282;13/04/2023;13/04/2023;06:38:50;GPS;13;3777;29;0;50,76209600000;3,70206700000;154;0;0;22;474;-216;174;-240;763;581;Nuit;Quinzaine 22;06:56;20:36;OUI;;Wallers;0,7
221282;13/04/2023;13/04/2023;13:38:58;GPS;9;3777;29;3;50,76214600000;3,70233300000;128;0;0;32;697;-21;579;-315;780;503;Jour;Quinzaine 22;06:56;20:36;OUI;;Wallers;0,9
221282;13/04/2023;13/04/2023;20:38:58;GPS;12;3780;30;0;50,75636700000;3,69056700000;85;0;189;24;637;32;563;-229;825;482;Nuit;Quinzaine 22;06:56;20:36;OUI;;Wallers;0,7
221282;13/04/2023;13/04/2023;20:43:55;GPS;11;3780;30;0;50,75648500000;3,69096300000;85;0;294;23;460;-78;189;-267;838;459;Nuit;Quinzaine 22;06:56;20:36;OUI;;Wallers;0,8
221282;14/04/2023;14/04/2023;00:44:20;GPS;16;3777;29;0;50,75615300000;3,69013300000;99;0;0;25;368;180;261;-347;721;574;Nuit;Quinzaine 22;06:54;20:38;OUI;;Wallers;0,6
221282;14/04/2023;14/04/2023;04:44:20;GPS;9;3780;30;0;50,76182200000;3,70090000000;127;0;0;25;484;-188;191;-366;631;668;Nuit;Quinzaine 22;06:54;20:38;OUI;;Wallers;1,4
221282;14/04/2023;14/04/2023;06:37:10;GPS;10;3777;29;0;50,76170700000;3,70087700000;142;0;0;28;433;-167;145;-367;632;659;Nuit;Quinzaine 22;06:54;20:38;OUI;;Wallers;1,0
221282;14/04/2023;14/04/2023;13:37:10;GPS;6;3780;30;0;50,76187100000;3,70105700000;58;0;337;32;657;-275;371;-291;778;523;Jour;Quinzaine 22;06:54;20:38;OUI;;Wallers;1,7
221282;14/04/2023;14/04/2023;20:37:10;GPS;16;3780;30;0;50,76658200000;3,70116800000;136;0;0;27;291;91;162;-233;584;762;Jour;Quinzaine 22;06:54;20:38;OUI;;Wallers;0,6
221282;14/04/2023;14/04/2023;20:46:36;GPS;16;3780;30;0;50,76650200000;3,70131300000;145;0;0;27;-107;37;154;-407;-35;917;Nuit;Quinzaine 22;06:54;20:38;OUI;;Wallers;0,6
221282;15/04/2023;15/04/2023;00:47:10;GPS;12;3780;30;0;50,76084500000;3,70231300000;123;0;0;25;662;-348;529;-73;927;326;Nuit;Quinzaine 22;06:52;20:40;OUI;;Wallers;0,8
221282;15/04/2023;15/04/2023;04:46:56;GPS;6;3780;30;0;50,76192500000;3,70088700000;114;0;194;21;503;-171;221;-90;904;383;Nuit;Quinzaine 22;06:52;20:40;OUI;;Wallers;1,6
221282;15/04/2023;15/04/2023;06:35:19;GPS;11;3777;29;0;50,76195900000;3,70115200000;150;0;0;26;337;125;206;-377;713;561;Nuit;Quinzaine 22;06:52;20:40;OUI;;Wallers;0,8
221282;15/04/2023;15/04/2023;13:35:27;GPS;4;3780;30;0;50,76235200000;3,70112200000;78;0;158;34;637;-224;308;-412;692;563;Jour;Quinzaine 22;06:52;20:40;OUI;;Wallers;1,4
221282;15/04/2023;15/04/2023;20:35:10;GPS;16;3780;30;0;50,76041000000;3,70595500000;79;0;0;26;381;229;264;-378;683;604;Jour;Quinzaine 22;06:52;20:40;OUI;;Wallers;0,7
221282;15/04/2023;15/04/2023;20:48:58;GPS;16;3780;30;0;50,76037600000;3,70597300000;90;0;89;26;515;152;305;-215;844;455;Nuit;Quinzaine 22;06:52;20:40;OUI;;Wallers;0,6
221282;16/04/2023;16/04/2023;00:49:20;GPS;10;3780;30;0;50,76182200000;3,70196700000;117;0;0;28;653;-53;449;-386;659;628;Nuit;Quinzaine 22;06:50;20:41;OUI;;Wallers;0,9
221282;16/04/2023;16/04/2023;04:49:21;GPS;10;3780;30;0;50,76159700000;3,70129800000;148;0;171;23;576;-14;352;-143;570;788;Nuit;Quinzaine 22;06:50;20:41;OUI;;Wallers;0,8
221282;16/04/2023;16/04/2023;06:33:28;GPS;5;3780;30;0;50,76208500000;3,70112000000;143;0;143;25;319;318;548;-656;573;413;Nuit;Quinzaine 22;06:50;20:41;OUI;;Wallers;1,5
221282;16/04/2023;16/04/2023;13:33:19;GPS;11;3783;31;0;50,76264200000;3,70418200000;128;0;0;29;464;103;277;-186;728;650;Jour;Quinzaine 22;06:50;20:41;OUI;;Wallers;0,8
221282;16/04/2023;16/04/2023;20:33:10;GPS;11;3783;31;0;50,75575600000;3,72040500000;59;0;0;24;460;-104;182;-141;865;443;Jour;Quinzaine 22;06:50;20:41;OUI;;Wallers;0,8
221282;16/04/2023;16/04/2023;20:51:25;GPS;13;3783;31;0;50,75648900000;3,72169800000;72;0;0;25;332;-71;108;-302;660;672;Nuit;Quinzaine 22;06:50;20:41;OUI;;Wallers;0,8
221282;17/04/2023;17/04/2023;00:51:50;GPS;13;3783;31;0;50,76725000000;3,72607300000;118;0;0;25;278;62;140;-403;623;644;Nuit;Quinzaine 22;06:48;20:43;OUI;;Wallers;0,7
221282;17/04/2023;17/04/2023;04:51:50;GPS;11;3780;30;0;50,77455500000;3,74279300000;109;0;0;26;543;-138;248;-454;516;713;Nuit;Quinzaine 22;06:48;20:43;OUI;;Wallers;1,0
221282;17/04/2023;17/04/2023;06:30:54;GPS;5;3780;30;0;50,77517700000;3,74202700000;160;0;169;30;595;-151;282;-441;557;678;Nuit;Quinzaine 22;06:48;20:43;OUI;;Wallers;1,1
221282;17/04/2023;17/04/2023;13:31:16;GPS;6;3780;30;0;50,77467700000;3,74303800000;89;0;0;31;377;240;413;-513;611;572;Jour;Quinzaine 22;06:48;20:43;OUI;;Wallers;1,2
